github_repo_url	repo_description	topics	owner_repo_name	owner_name	owner_type	organization_bio	repo_created_day	primary_language_name	license_name	is_github_pages	has_readme	has_wiki	has_merged_prs	has_issues	has_contributor_guide	has_code_of_conduct	count_of_public_forks	count_of_stars	count_of_watchers	count_distinct_contributors	count_contributions	count_commits	count_commit_comments	count_created_issues	count_pull_requests_created	count_pull_requests_reviews	count_comments_on_issues_and_pull_requests
https://github.com/veaba/ncov	ã€æˆªæ­¢2020å¹´1æœˆ26æ—¥ 10æ—¶, 1989ä¾‹ï¼Œä¸€è¾¹å½•å…¥ç»Ÿè®¡æ•°æ®ä¸€è¾¹æ‰‹åœ¨æŠ–ã€‘ã€‚å…³æ³¨æ­¦æ±‰è‚ºç‚2019æ–°å‹å† çŠ¶ç—…æ¯’ï¼ˆ2019-ncovï¼‰ï¼Œæ•°æ®å¯è§†åŒ–æ„ŸæŸ“äººç¾¤çƒ­ç‚¹å›¾ã€è¿å¾™æ‰©æ•£è½¨è¿¹ï¼Œä»¥æä¾›å¸®åŠ©åˆ†æç–«æƒ…ã€‚ æ„¿ä¸–ç•Œå®‰å¥½ã€‚focus on wuhan 2019-ncov, data visualization, to help analyze the epidemic situation.  may the world be well. (åœ¨å¼€å‘å®æ—¶å¼¹å¹•é€šæŠ¥æ¶ˆæ¯åŠŸèƒ½ï¼Œæ•°æ®å¯èƒ½ä¸åŠæ—¶æ›´æ–°ï¼Œè¯·è°…è§£~)	2019-ncov, ncov-data-visual, ncov, data-visualization	veaba/ncov	veaba	User		2020-01-20	JavaScript		TRUE	TRUE	TRUE	FALSE	TRUE	FALSE	FALSE	13	114	114	13	110	64	0	12	0	0	34
https://github.com/BlankerL/DXY-2019-nCoV-Crawler	2019æ–°å‹å† çŠ¶ç—…æ¯’ç–«æƒ…å®æ—¶çˆ¬è™«		BlankerL/DXY-2019-nCoV-Crawler	BlankerL	User		2020-01-21	Python	mit	FALSE	TRUE	TRUE	FALSE	TRUE	FALSE	FALSE	17	102	101	13	75	29	1	8	2	0	35
https://github.com/sangyx/nCoV-Map	ncov-mapï¼šæ–°å‹è‚ºç‚ç–«æƒ…åœ°å›¾	ncov-map, ncov-data-visual, 2019-ncov	sangyx/nCoV-Map	sangyx	User		2020-01-22	CSS	mit	FALSE	TRUE	TRUE	TRUE	TRUE	FALSE	FALSE	9	46	46	11	36	18	0	6	1	0	11
https://github.com/thegreatjavascript/2019-nCoV-News	2019-ncovç–«æƒ…å®æ—¶æ’­æŠ¥ğŸ…¥ï½œå¢™å†…ä¼ æ’­ç‰ˆï¼ˆè¯·å¹¿æ³›ä¼ æ’­ï¼‰	2019ncov	thegreatjavascript/2019-nCoV-News	thegreatjavascript	Organization	make javascript great again	2020-01-23	Vue	mit	FALSE	TRUE	TRUE	FALSE	TRUE	FALSE	FALSE	4	54	54	10	71	27	0	9	0	0	35
https://github.com/antonlukin/2019-nCoV	wuhan coronavirus outbreak	wuhan-coronavirus-outbreak, coronavirus	antonlukin/2019-nCoV	antonlukin	User		2020-01-25	HTML	mit	FALSE	TRUE	TRUE	FALSE	TRUE	FALSE	FALSE	0	3	3	7	31	16	0	4	0	0	11
https://github.com/Contributors-of-anti-2019-nCoV/2019-nCoV	collections about 2019-ncov, includes papers, stickers, news, etc.		Contributors-of-anti-2019-nCoV/2019-nCoV	Contributors-of-anti-2019-nCoV	Organization		2020-01-22			FALSE	TRUE	TRUE	TRUE	TRUE	FALSE	FALSE	2	12	12	6	26	15	1	3	1	0	6
https://github.com/easychen/nCoV-push	ncovç–«æƒ…å®æ—¶æ’­æŠ¥æ¨é€è„šæœ¬ã€‚æ•°æ®åŸºäºä¸é¦™å›­ã€‚		easychen/nCoV-push	easychen	User		2020-01-23	PHP	mit	FALSE	TRUE	TRUE	TRUE	TRUE	FALSE	FALSE	15	39	39	6	16	3	0	4	1	0	8
https://github.com/theleadio/coronatracker	keeps track of the development of wuhan corona virus		theleadio/coronatracker	theleadio	Organization	""	2020-01-25	Python		FALSE	TRUE	TRUE	TRUE	TRUE	FALSE	FALSE	3	14	14	6	26	24	0	0	2	0	0
https://github.com/tartsun/anti2019-nCoV	standing with wuhan. 		tartsun/anti2019-nCoV	tartsun	User		2020-01-23	Java	gpl-3.0	FALSE	FALSE	TRUE	TRUE	TRUE	FALSE	FALSE	3	0	0	5	55	54	0	0	1	0	0
https://github.com/ZhangMingZhao1/2019nCoV-Virus-MapMonitor	2019-2020 æ–°å‹è‚ºç‚ç—…æ¯’åœ°å›¾å¯è§†åŒ–ç›‘æµ‹ï¼ˆæ•°æ®çˆ¬è™«å®æ—¶é‡‡é›†ï¼‰ï¼Œå¹¶æä¾›äº†ä¸€ä¸ªçˆ¬è™«æ•°æ®æ¥å£		ZhangMingZhao1/2019nCoV-Virus-MapMonitor	ZhangMingZhao1	User		2020-01-21	JavaScript		TRUE	TRUE	TRUE	FALSE	TRUE	FALSE	FALSE	1	16	16	4	19	13	0	3	0	0	3
https://github.com/reichlab/ncov	analyses related to ncov-2020 outbreak		reichlab/ncov	reichlab	Organization	""	2020-01-24	TeX	cc0-1.0	FALSE	TRUE	TRUE	FALSE	TRUE	FALSE	FALSE	0	0	0	3	11	11	0	0	0	0	0
https://github.com/jriou/wcov	pattern of early human-to-human transmission of wuhan 2019-ncov		jriou/wcov	jriou	User		2020-01-21	TeX		FALSE	TRUE	TRUE	FALSE	TRUE	FALSE	FALSE	3	18	18	3	45	43	0	1	0	0	1
https://github.com/Support-WuHan/Online-Doctors-Info	å¼•ç”¨åä¸­ç§‘å¤§åŒæµåŒ»é™¢çš„è¯â€ è½»ç—‡æ‚£è€…å³æ—¶èµ·å¯å±…å®¶è¿œç¨‹å’¨è¯¢â€ã€‚å¸Œæœ›å…¨å›½æ›´å¤šçš„è¿œç¨‹åŒ»ç–—å¹³å°å»ºç«‹èµ·æ¥ã€‚ä¸ä»…å¯ä»¥ä¸ºæ­¦æ±‰æä¾›æ›´å¤šçš„åŒ»ç–—æ”¯æ’‘ï¼Œä¹Ÿå¯ä»¥é¿å…è½»ç—‡æ‚£è€…å‰å¾€åŒ»é™¢äº¤å‰æ„ŸæŸ“ã€‚å…¨å›½çš„ç™½è¡£å¤©ä½¿å¯ä»¥åœ¨å®¶æä¾›å®è´µçš„ä¸“ä¸šçŸ¥è¯†å¸®åŠ©ç—…äººçš„åŒæ—¶ï¼Œæ²¡æœ‰è¢«æ„ŸæŸ“çš„å±é™©ã€‚ä¿æŠ¤åŒ»æŠ¤äººå‘˜å°±æ˜¯ä¿æŠ¤æˆ‘ä»¬å¤§å®¶ï¼ forked from: http://www.xn--cesp9b.net/	wuhan, online-support, 2019-ncov	Support-WuHan/Online-Doctors-Info	Support-WuHan	Organization		2020-01-26			FALSE	TRUE	TRUE	TRUE	TRUE	FALSE	FALSE	1	2	2	3	46	45	0	0	1	0	0
https://github.com/2020-nCoV/RawData	æ­¦æ±‰ç–«æƒ…çš„åŸå§‹æ•°æ®åœ°å€		2020-nCoV/RawData	2020-nCoV	Organization	""	2020-01-25			FALSE	TRUE	TRUE	FALSE	TRUE	FALSE	FALSE	1	2	2	3	3	2	0	0	1	0	0
https://github.com/2019nCoV-viz/data	store data needed		2019nCoV-viz/data	2019nCoV-viz	Organization		2020-01-26	Python	mit	FALSE	TRUE	TRUE	FALSE	TRUE	FALSE	FALSE	1	0	0	3	5	5	0	0	0	0	0
https://github.com/greatcodeeer/2019-nCoV	æ­¦æ±‰è‚ºç‚ - 2019-ncov		greatcodeeer/2019-nCoV	greatcodeeer	User		2020-01-20	JavaScript		FALSE	TRUE	TRUE	TRUE	TRUE	FALSE	FALSE	2	2	2	3	46	29	0	0	15	2	0
https://github.com/artic-network/artic-ncov2019	artic nanopore protocol for ncov2019 novel coronavirus		artic-network/artic-ncov2019	artic-network	Organization	this is the articnetwork project, a wellcome trust funded project to provide a system for real-time genomic epidemiology of virus outbreaks.	2020-01-20			FALSE	TRUE	TRUE	TRUE	TRUE	FALSE	FALSE	1	1	1	3	11	8	0	0	2	0	1
https://github.com/fadoers/charity-mobile	ncov-charity		fadoers/charity-mobile	fadoers	User		2020-01-24	Vue		FALSE	TRUE	TRUE	FALSE	TRUE	FALSE	FALSE	2	0	0	3	5	3	0	0	1	1	0
https://github.com/wangke0809/2019-nCoV-Push	2019-ncov ç–«æƒ…å®æ—¶æ’­æŠ¥ğŸ…¥ å¢™å†…é€šçŸ¥ ï½œ æ”¯æŒå¾®ä¿¡ã€é’‰é’‰ç¾¤ã€å¾®åš	2019-ncov	wangke0809/2019-nCoV-Push	wangke0809	User		2020-01-24	Python		FALSE	TRUE	TRUE	FALSE	TRUE	FALSE	FALSE	2	4	4	3	49	37	0	2	0	0	10
https://github.com/YiranJing/Coronavirus-Epidemic-2019-nCov	ğŸ‘©ğŸ»â€âš•ï¸epidemic prediction and estimation of coronavirus 2019-ncov using statistical modelling. 		YiranJing/Coronavirus-Epidemic-2019-nCov	YiranJing	User		2020-01-25	Jupyter Notebook		FALSE	TRUE	TRUE	FALSE	TRUE	FALSE	FALSE	1	1	1	2	11	10	0	1	0	0	0
https://github.com/ARandomChinese/WuhanCoV-News-Update	æ­¦æ±‰è‚ºç‚æ—¶é—´çº¿ä¸ªäººæ•´ç†		ARandomChinese/WuhanCoV-News-Update	ARandomChinese	User		2020-01-25			FALSE	TRUE	TRUE	FALSE	TRUE	FALSE	FALSE	0	0	0	2	38	38	0	0	0	0	0
https://github.com/839Studio/Novel-Coronavirus-Updates	æ–°å¢ç¡®è¯Šæ–°å‹å† çŠ¶ç—…æ¯’è‚ºç‚ç»Ÿè®¡æ•°æ®ï¼ˆæ¯æ—¥æ›´æ–°ï¼‰		839Studio/Novel-Coronavirus-Updates	839Studio	User		2020-01-23			FALSE	TRUE	TRUE	TRUE	TRUE	FALSE	FALSE	5	4	4	2	19	14	0	1	3	0	1
https://github.com/yitao94/2019-nCoV	this goal of this project is to collect information and analyse trend of statistics of novel coronavirus originated in wuhan city, hubei province, p.r. china in 2019.		yitao94/2019-nCoV	yitao94	User		2020-01-21	Python	mit	FALSE	TRUE	TRUE	FALSE	TRUE	FALSE	FALSE	1	5	5	2	12	11	0	0	1	0	0
https://github.com/MeoncStudio/Anti_2019-ncoV	2019 wuhan coronavirus: self-checking & advising site		MeoncStudio/Anti_2019-ncoV	MeoncStudio	Organization	jm Â· cy	2020-01-27	Vue		FALSE	TRUE	TRUE	TRUE	TRUE	FALSE	FALSE	1	2	2	2	45	44	0	0	1	0	0
https://github.com/Mayandev/nCoV-notes	è®°å½•ä¸åŒäººåœ¨ ncov ä¸‹çš„æ•…äº‹å’Œç”Ÿæ´»	ncov, 2020ncov	Mayandev/nCoV-notes	Mayandev	User		2020-01-26	CSS	mit	TRUE	TRUE	TRUE	TRUE	TRUE	FALSE	FALSE	1	3	3	2	41	38	0	0	2	0	1
https://github.com/lbj96347/2020-new-coronavirus-live-map	base on china official news to pop up new coronavirus cases on map.  åŸºäºä¸­å›½å®˜æ–¹æ–°é—»å…¬å¸ƒæ•°æ®ï¼Œç»˜åˆ¶æ–°å‹å† çŠ¶ç—…æ¯’æ¡ˆä¾‹äºåœ°å›¾ä¸Šã€‚		lbj96347/2020-new-coronavirus-live-map	lbj96347	User		2020-01-20	JavaScript		FALSE	TRUE	TRUE	FALSE	TRUE	FALSE	FALSE	5	14	14	2	8	6	0	1	0	0	1
https://github.com/NGLSL/2019-nCov	2019-ncovæœ€æ–°åŠ¨æ€æ¨é€ç³»ç»Ÿ		NGLSL/2019-nCov	NGLSL	User		2020-01-22	Java		FALSE	TRUE	TRUE	FALSE	TRUE	FALSE	FALSE	1	2	2	2	17	10	0	1	0	0	6
https://github.com/GHDDI-AILab/nCov_Info_Share	information sharing portal about ncov/sars/mers for drug discovery	ncov, mers, drug-discovery, sars	GHDDI-AILab/nCov_Info_Share	GHDDI-AILab	Organization	""	2020-01-26		mit	TRUE	TRUE	TRUE	TRUE	TRUE	FALSE	FALSE	1	0	0	2	44	40	0	0	3	1	0
https://github.com/ricosmall/2019-ncov	novel coronavirus which causes pneumonia.		ricosmall/2019-ncov	ricosmall	User		2020-01-23			TRUE	TRUE	TRUE	TRUE	TRUE	FALSE	FALSE	1	0	0	2	39	37	0	0	2	0	0
https://github.com/graveszhang/2019-nCoV-Prediction-Model	a transmission model to reported case information up to 27 january to predict the possible course of the epidemic, as the potential impact of travel restrictions into and from wuhan.		graveszhang/2019-nCoV-Prediction-Model	graveszhang	User		2020-01-27	Python	mit	FALSE	TRUE	TRUE	FALSE	TRUE	FALSE	FALSE	2	0	0	2	26	26	0	0	0	0	0
https://github.com/2019ncov/2019ncov.github.io	important and verified information about new 2019-ncov pneumonia		2019ncov/2019ncov.github.io	2019ncov	User		2020-01-23	CSS	mit	TRUE	TRUE	TRUE	FALSE	TRUE	FALSE	FALSE	0	0	0	2	60	60	0	0	0	0	0
https://github.com/Jacksgong/wuhan-2019-nCoV	æ­¦æ±‰2019ncovä¿¡æ¯çˆ¬è™«		Jacksgong/wuhan-2019-nCoV	Jacksgong	User		2020-01-22	Python		FALSE	TRUE	TRUE	FALSE	TRUE	FALSE	FALSE	5	13	13	2	35	34	0	1	0	0	0
https://github.com/CxZMoE/nCoV	è·å–2019-ncovæ–°å‹å† çŠ¶ç—…æ¯’çš„å®æ—¶ä¿¡æ¯,æä¾›ç°æˆapi		CxZMoE/nCoV	CxZMoE	User		2020-01-26	Go	apache-2.0	FALSE	TRUE	TRUE	FALSE	TRUE	FALSE	FALSE	0	1	1	2	16	15	0	1	0	0	0
https://github.com/beoutbreakprepared/nCoV2019	location for summaries and analysis of data related to n-cov 2019, first reported in wuhan, china		beoutbreakprepared/nCoV2019	beoutbreakprepared	User		2020-01-24	R		FALSE	TRUE	TRUE	FALSE	TRUE	FALSE	FALSE	3	21	21	2	27	27	0	0	0	0	0
https://github.com/lbj96347/2020-new-coronavirus-info-crawler	a web crawler to get latest info & extract data from all local health commission in china. è‡ªåŠ¨è·å–å„åœ°åŒºå«ç”Ÿå§”å‘˜ä¼šå’¨è¯¢çš„ç¨‹åºã€‚		lbj96347/2020-new-coronavirus-info-crawler	lbj96347	User		2020-01-22	JavaScript	gpl-3.0	FALSE	TRUE	TRUE	TRUE	TRUE	FALSE	FALSE	1	2	2	2	16	13	0	0	2	0	1
https://github.com/fightncov/Fight-nCov			fightncov/Fight-nCov	fightncov	User		2020-01-25	JavaScript		FALSE	TRUE	TRUE	TRUE	TRUE	FALSE	FALSE	0	1	1	2	8	5	0	1	1	1	0
https://github.com/HopkinsIDD/nCoV-Sandbox			HopkinsIDD/nCoV-Sandbox	HopkinsIDD	Organization	""	2020-01-23	HTML		FALSE	TRUE	TRUE	FALSE	TRUE	FALSE	FALSE	0	0	0	2	9	9	0	0	0	0	0
https://github.com/6yi/WechatCronAuto2019-nCov	2019æ–°å‹è‚ºç‚ç–«æƒ… å¾®ä¿¡å…¬ä¼—æµ‹è¯•å·å®šæ—¶æ¨é€		6yi/WechatCronAuto2019-nCov	6yi	User		2020-01-24	Go	mit	FALSE	TRUE	TRUE	TRUE	TRUE	FALSE	FALSE	0	1	1	2	35	26	0	1	1	0	7
https://github.com/wertycn/nCoV	2019-ncov æ­¦æ±‰æ–°å† çŠ¶ç—…æ¯’è‚ºç‚ç–«æƒ…ä¿¡æ¯å¯¼èˆª 		wertycn/nCoV	wertycn	User		2020-01-25	CSS		FALSE	TRUE	TRUE	FALSE	TRUE	FALSE	FALSE	0	8	8	2	20	17	0	1	0	0	2
https://github.com/guardian/interactive-coronavirus-tracker-map	placeholder description: @blosky created this with repo-genesis		guardian/interactive-coronavirus-tracker-map	guardian	Organization	the source code of the world's leading liberal voice	2020-01-22	HTML		FALSE	TRUE	TRUE	FALSE	TRUE	FALSE	TRUE	0	0	0	2	11	11	0	0	0	0	0
https://github.com/MehdiAnn/corona-livemap	live data of the spread of the corona virus		MehdiAnn/corona-livemap	MehdiAnn	User		2020-01-27	HTML		FALSE	TRUE	TRUE	FALSE	TRUE	FALSE	FALSE	0	0	0	2	4	4	0	0	0	0	0
https://github.com/globalcitizen/2019-wuhan-coronavirus-data	2019 wuhan coronavirus data (2019-ncov)	opendata, epedemic, wuhan, epedemiology, virology, viruses, pathogens, 2019-ncov, 2019ncov, coronavirus, pandemic	globalcitizen/2019-wuhan-coronavirus-data	globalcitizen	User		2020-01-25	PHP	gpl-3.0	FALSE	TRUE	TRUE	TRUE	TRUE	FALSE	FALSE	6	26	26	2	116	108	0	0	2	3	3
https://github.com/yangkae/2019-nCov			yangkae/2019-nCov	yangkae	User		2020-01-22			FALSE	TRUE	TRUE	FALSE	TRUE	FALSE	FALSE	0	0	0	1	9	9	0	0	0	0	0
https://github.com/thecatgamer137/Joke.Win32.Coronavirus	its a joke that is based of the corona virus		thecatgamer137/Joke.Win32.Coronavirus	thecatgamer137	User		2020-01-26			FALSE	TRUE	TRUE	FALSE	TRUE	FALSE	FALSE	0	0	0	1	3	3	0	0	0	0	0
https://github.com/jabacker/nCoV-2019			jabacker/nCoV-2019	jabacker	User		2020-01-24			FALSE	TRUE	TRUE	FALSE	TRUE	FALSE	FALSE	0	0	0	1	4	4	0	0	0	0	0
https://github.com/HuangJianxjtu/wuhan_2019_nCov			HuangJianxjtu/wuhan_2019_nCov	HuangJianxjtu	User		2020-01-22	HTML		FALSE	TRUE	TRUE	FALSE	TRUE	FALSE	FALSE	0	0	0	1	1	1	0	0	0	0	0
https://github.com/TheCode-Jedi/CoronaVirus-MD	mockup for an information site about the coronavirus.		TheCode-Jedi/CoronaVirus-MD	TheCode-Jedi	User		2020-01-27	HTML		FALSE	TRUE	TRUE	FALSE	TRUE	FALSE	FALSE	0	0	0	1	3	3	0	0	0	0	0
https://github.com/chancovsky/spark-help-content			chancovsky/spark-help-content	chancovsky	User		2020-01-24	JavaScript	mit	FALSE	TRUE	TRUE	FALSE	TRUE	TRUE	TRUE	0	0	0	1	3	3	0	0	0	0	0
https://github.com/DnCov/transparent-info	transparent infomation on novel coronavirus (2019-ncov)  by decentralized  technology		DnCov/transparent-info	DnCov	Organization	""	2020-01-25	TypeScript		FALSE	TRUE	TRUE	TRUE	TRUE	FALSE	FALSE	0	0	0	1	24	23	0	0	1	0	0
https://github.com/ChinaVIrus/2019-ncov-infos			ChinaVIrus/2019-ncov-infos	ChinaVIrus	User		2020-01-26			FALSE	TRUE	TRUE	FALSE	TRUE	FALSE	FALSE	0	0	0	1	1	1	0	0	0	0	0
https://github.com/chinaluopiao/nfplus-ncov	å—æ–¹+ç–«æƒ…æ•°æ®é¡¹ç›®		chinaluopiao/nfplus-ncov	chinaluopiao	User		2020-01-25	Java		FALSE	TRUE	TRUE	FALSE	TRUE	FALSE	FALSE	0	0	0	1	5	5	0	0	0	0	0
https://github.com/idwangmo/nCoV			idwangmo/nCoV	idwangmo	User		2020-01-24	Python		FALSE	TRUE	TRUE	FALSE	TRUE	FALSE	FALSE	0	0	0	1	4	4	0	0	0	0	0
https://github.com/fangq/gene2019ncov	complete gene data for 2019-ncov virus in json/jdata format		fangq/gene2019ncov	fangq	User		2020-01-26	Perl		FALSE	FALSE	TRUE	FALSE	TRUE	FALSE	FALSE	0	0	0	1	1	1	0	0	0	0	0
https://github.com/dankaki/wuhan_coronavirus_risk	risks of wuhan coronavirus in different us cities for rice datathon		dankaki/wuhan_coronavirus_risk	dankaki	User		2020-01-25	Python		FALSE	FALSE	TRUE	FALSE	TRUE	FALSE	FALSE	0	0	0	1	4	4	0	0	0	0	0
https://github.com/thegreatjavascript/2019-nCoV-News-Server	backend server		thegreatjavascript/2019-nCoV-News-Server	thegreatjavascript	Organization	make javascript great again	2020-01-24		mit	FALSE	TRUE	TRUE	FALSE	TRUE	FALSE	FALSE	0	0	0	1	1	1	0	0	0	0	0
https://github.com/EduVencovsky/formik-yup	repo used for showing how to worki with formik + yup and additionally material ui		EduVencovsky/formik-yup	EduVencovsky	User		2020-01-27	JavaScript		FALSE	TRUE	TRUE	FALSE	TRUE	FALSE	FALSE	0	0	0	1	1	1	0	0	0	0	0
https://github.com/avischiffmann/CoronavirusMap	tracking the coronavirus		avischiffmann/CoronavirusMap	avischiffmann	User		2020-01-25			FALSE	TRUE	TRUE	FALSE	TRUE	FALSE	FALSE	0	0	0	1	1	1	0	0	0	0	0
https://github.com/fadoers/ncov-charity			fadoers/ncov-charity	fadoers	User		2020-01-24	Java		FALSE	FALSE	TRUE	FALSE	TRUE	FALSE	FALSE	0	0	0	1	2	2	0	0	0	0	0
https://github.com/etchorigin/ncov2019			etchorigin/ncov2019	etchorigin	User		2020-01-27	JavaScript		FALSE	TRUE	TRUE	FALSE	TRUE	FALSE	FALSE	0	0	0	1	4	4	0	0	0	0	0
https://github.com/QMHTMY/Coronavirus	2019 novel coronavirus infected districts statistics script!		QMHTMY/Coronavirus	QMHTMY	User		2020-01-26	Python	mit	FALSE	TRUE	TRUE	FALSE	TRUE	FALSE	FALSE	0	0	0	1	7	7	0	0	0	0	0
https://github.com/2019nCoV-viz/2019nCoV-viz.github.io			2019nCoV-viz/2019nCoV-viz.github.io	2019nCoV-viz	Organization		2020-01-26	HTML	mit	TRUE	TRUE	TRUE	FALSE	TRUE	FALSE	FALSE	0	0	0	1	6	6	0	0	0	0	0
https://github.com/ccneko/ncov-noti	google apps script to send email notification upon 2019-ncov china case number changes		ccneko/ncov-noti	ccneko	User		2020-01-24	JavaScript	mit	FALSE	TRUE	TRUE	TRUE	TRUE	FALSE	FALSE	0	0	0	1	11	10	0	0	1	0	0
https://github.com/wuhsiang/2019-nCoV-diffusion	diffusion models of  2019-ncov 		wuhsiang/2019-nCoV-diffusion	wuhsiang	User		2020-01-22	HTML		FALSE	TRUE	TRUE	FALSE	TRUE	FALSE	FALSE	0	2	2	1	8	7	0	1	0	0	0
https://github.com/stefancova/angular-heroku	test hosting angular app on heroku		stefancova/angular-heroku	stefancova	User		2020-01-27	TypeScript		FALSE	TRUE	TRUE	FALSE	TRUE	FALSE	FALSE	0	0	0	1	4	4	0	0	0	0	0
https://github.com/ferocknew/2019-nCoV			ferocknew/2019-nCoV	ferocknew	User		2020-01-22	HTML		TRUE	TRUE	FALSE	FALSE	TRUE	FALSE	FALSE	1	1	1	1	25	25	0	0	0	0	0
https://github.com/DEDZTBH/2019-nCoV-prediction			DEDZTBH/2019-nCoV-prediction	DEDZTBH	User		2020-01-27	Python		FALSE	TRUE	TRUE	FALSE	TRUE	FALSE	FALSE	0	2	2	1	6	6	0	0	0	0	0
https://github.com/kzoacn/nCoV-mask			kzoacn/nCoV-mask	kzoacn	User		2020-01-22	HTML	mit	FALSE	TRUE	TRUE	FALSE	TRUE	FALSE	FALSE	0	0	0	1	1	1	0	0	0	0	0
https://github.com/wwgwzy/2019nCov			wwgwzy/2019nCov	wwgwzy	User		2020-01-23			FALSE	TRUE	TRUE	FALSE	TRUE	FALSE	FALSE	0	0	0	1	1	1	0	0	0	0	0
https://github.com/steveoOn/2019-ncov	2019-ncov		steveoOn/2019-ncov	steveoOn	User		2020-01-23	JavaScript		FALSE	FALSE	TRUE	FALSE	TRUE	FALSE	FALSE	0	0	0	1	12	12	0	0	0	0	0
https://github.com/Ticsmyc/2019nCoV-Crawler	çˆ¬å–ä¸é¦™å›­å† çŠ¶ç—…æ¯’æ–°å‹è‚ºç‚ç–«æƒ…å®æ—¶æ•°æ®+æ•°æ®æŒä¹…åŒ–+é‚®ä»¶é€šçŸ¥		Ticsmyc/2019nCoV-Crawler	Ticsmyc	User		2020-01-26	Java	gpl-3.0	FALSE	TRUE	TRUE	FALSE	TRUE	FALSE	FALSE	2	0	0	1	20	20	0	0	0	0	0
https://github.com/DnCov/DnCov	the decentralized novel coronavirus (2019-ncov)  research project specification		DnCov/DnCov	DnCov	Organization	""	2020-01-25			FALSE	TRUE	TRUE	FALSE	TRUE	FALSE	FALSE	0	0	0	1	1	1	0	0	0	0	0
https://github.com/xg4/nCoV	æ­¦æ±‰åŠ æ²¹ï¼ä¸­å›½åŠ æ²¹ï¼		xg4/nCoV	xg4	User		2020-01-25	TypeScript	mit	FALSE	TRUE	TRUE	FALSE	TRUE	FALSE	FALSE	0	0	0	1	23	23	0	0	0	0	0
https://github.com/coddec/2020-new-coronavirus	new coronavirus, pneumonia, æ–°å‹å† çŠ¶ç—…æ¯’,å† çŠ¶ç—…æ¯’, wuhan, æ­¦æ±‰,info websites,information, wuhan pneumonia, wuhan coronavirus, coronavirus globaloutbreak,novel coronavirus, coronavirus tracking, coronavirus real time info, coronavirus maps	2019-ncov, coronavirus, wuhan-coronavirus-outbreak, coronavirus-real-time, coronavirus-tracking, new-coronavirus, nvoc, coronavirus-websites, info-websites, wuhan-pneumonia, coronavirus-info, real-time-map, pneumonia, coronavirus-maps, coronavirus-globaloutbreak, wuhan, information, novel-coronavirus, wuhan-coronavirus	coddec/2020-new-coronavirus	coddec	User		2020-01-27	HTML	agpl-3.0	TRUE	TRUE	TRUE	FALSE	TRUE	FALSE	FALSE	0	0	0	1	28	28	0	0	0	0	0
https://github.com/MelonSmasher/ncov.io	website for ncov.io	wuhan-coronavirus-outbreak, wuhan-pneumonia, coronavirus, 2019-ncov, ncov	MelonSmasher/ncov.io	MelonSmasher	User		2020-01-26	Vue	mit	FALSE	TRUE	TRUE	FALSE	TRUE	FALSE	FALSE	0	0	0	1	3	3	0	0	0	0	0
https://github.com/MarGonz7/coronavirus	dummy		MarGonz7/coronavirus	MarGonz7	User		2020-01-22			FALSE	TRUE	TRUE	FALSE	TRUE	FALSE	FALSE	0	0	0	1	1	1	0	0	0	0	0
https://github.com/markus-flicke/Corona	dynamic graph representation of the current wikipedia data on the chinese corona virus outbreak in 2020.		markus-flicke/Corona	markus-flicke	User		2020-01-25	Jupyter Notebook		FALSE	TRUE	TRUE	FALSE	TRUE	FALSE	FALSE	0	0	0	1	2	2	0	0	0	0	0
https://github.com/OBMGIS/CoronaVirusMap	this map will track the 2020 chinese corona virus. 		OBMGIS/CoronaVirusMap	OBMGIS	User		2020-01-27	JavaScript	mit	TRUE	TRUE	TRUE	FALSE	TRUE	FALSE	FALSE	0	0	0	1	6	6	0	0	0	0	0
https://github.com/WuhanCov/test	test		WuhanCov/test	WuhanCov	User		2020-01-26			FALSE	TRUE	TRUE	FALSE	TRUE	FALSE	FALSE	0	0	0	1	1	1	0	0	0	0	0
https://github.com/Dajnowicz/CoronaVirus	making map of corona virus outbreak		Dajnowicz/CoronaVirus	Dajnowicz	User		2020-01-27	Jupyter Notebook		FALSE	FALSE	TRUE	FALSE	TRUE	FALSE	FALSE	0	0	0	1	2	2	0	0	0	0	0
https://github.com/KezhiLi/Wuhan_Coronavirus	initial analysis of coronavirus cases in wuhan		KezhiLi/Wuhan_Coronavirus	KezhiLi	User		2020-01-21			FALSE	TRUE	TRUE	FALSE	TRUE	FALSE	FALSE	0	0	0	1	2	2	0	0	0	0	0
https://github.com/Yuriyama/Coronavirus			Yuriyama/Coronavirus	Yuriyama	User		2020-01-27	Jupyter Notebook		FALSE	TRUE	TRUE	FALSE	TRUE	FALSE	FALSE	0	0	0	1	1	1	0	0	0	0	0
https://github.com/1813927768/virus-report	this repo is made for real-time tracking of virus 2019-ncov.	2019-ncov, python3	1813927768/virus-report	1813927768	User		2020-01-25	Python		FALSE	TRUE	TRUE	FALSE	TRUE	FALSE	FALSE	0	0	0	1	5	5	0	0	0	0	0
https://github.com/ncov-ic/staging			ncov-ic/staging	ncov-ic	Organization		2020-01-27	Shell		FALSE	TRUE	TRUE	FALSE	TRUE	FALSE	FALSE	0	0	0	1	2	2	0	0	0	0	0
https://github.com/Sviper-07/CoronavirusOdesseyRepo	coronavirus odessey		Sviper-07/CoronavirusOdesseyRepo	Sviper-07	User		2020-01-24		gpl-3.0	FALSE	FALSE	TRUE	FALSE	TRUE	FALSE	FALSE	0	0	0	1	1	1	0	0	0	0	0
https://github.com/Hacanna42/CoronaVirusMap			Hacanna42/CoronaVirusMap	Hacanna42	User		2020-01-26	JavaScript		FALSE	FALSE	TRUE	FALSE	TRUE	FALSE	FALSE	0	0	0	1	2	2	0	0	0	0	0
https://github.com/XQINGME/2019_nCov_msgPush	get the latest news about the pneumonia in china and push messages to different platforms		XQINGME/2019_nCov_msgPush	XQINGME	User		2020-01-24	Python		FALSE	TRUE	TRUE	FALSE	TRUE	FALSE	FALSE	0	0	0	1	3	3	0	0	0	0	0
https://github.com/geekeren/ncov-2019.cn	ncov-2019.cn		geekeren/ncov-2019.cn	geekeren	User		2020-01-24			FALSE	TRUE	TRUE	FALSE	TRUE	FALSE	FALSE	0	0	0	1	4	4	0	0	0	0	0
https://github.com/martinedoesgis/novel-coronavirus	mapping of the 2020 novel coronavirus		martinedoesgis/novel-coronavirus	martinedoesgis	User		2020-01-24	HTML		FALSE	TRUE	TRUE	FALSE	TRUE	FALSE	FALSE	0	0	0	1	3	3	0	0	0	0	0
https://github.com/fishioon/2019-nCov	æ•´ç†å…³äºæ­¦æ±‰è‚ºç‚çš„ç›¸å…³ä¿¡æ¯ï¼Œè¾Ÿè°£ä¸ºä¸»		fishioon/2019-nCov	fishioon	User		2020-01-25			FALSE	TRUE	TRUE	FALSE	TRUE	FALSE	FALSE	0	1	1	1	11	4	0	4	0	0	3
https://github.com/jdrakephd/wuhan-stochastic-model	a stochastic model for the transmission of a novel coronavirus in wuhan		jdrakephd/wuhan-stochastic-model	jdrakephd	User		2020-01-26		gpl-3.0	FALSE	TRUE	TRUE	FALSE	TRUE	FALSE	FALSE	0	0	0	1	5	5	0	0	0	0	0
https://github.com/yangxl-2014-fe/2019-nCoV			yangxl-2014-fe/2019-nCoV	yangxl-2014-fe	User		2020-01-23			FALSE	TRUE	TRUE	FALSE	TRUE	FALSE	FALSE	0	0	0	1	4	4	0	0	0	0	0
https://github.com/ShirosakiMieru/CQ_ncov2019	é…·q2019æ­¦æ±‰è‚ºç‚æ–°é—»æ¨é€javaå®ç°		ShirosakiMieru/CQ_ncov2019	ShirosakiMieru	User		2020-01-22	Java	mit	FALSE	TRUE	TRUE	FALSE	TRUE	FALSE	FALSE	0	0	0	1	3	3	0	0	0	0	0
https://github.com/infinityu/ncov-volunteer			infinityu/ncov-volunteer	infinityu	User		2020-01-26			FALSE	TRUE	TRUE	FALSE	TRUE	FALSE	FALSE	0	0	0	1	1	1	0	0	0	0	0
https://github.com/zHElEARN/2019nCovSync			zHElEARN/2019nCovSync	zHElEARN	User		2020-01-25	C++		FALSE	TRUE	TRUE	FALSE	TRUE	FALSE	FALSE	0	1	1	1	5	5	0	0	0	0	0
https://github.com/cfshi/coronavirus			cfshi/coronavirus	cfshi	Organization		2020-01-23		other 	FALSE	TRUE	TRUE	FALSE	TRUE	FALSE	FALSE	0	0	0	1	15	15	0	0	0	0	0
https://github.com/akira-endo/2019nCoV	analysis of 2019-ncov outbreak		akira-endo/2019nCoV	akira-endo	User		2020-01-24		mit	FALSE	TRUE	TRUE	FALSE	TRUE	FALSE	FALSE	0	0	0	1	1	1	0	0	0	0	0
https://github.com/DiamondYuan/2019-ncov			DiamondYuan/2019-ncov	DiamondYuan	User		2020-01-21	JavaScript		FALSE	TRUE	TRUE	FALSE	TRUE	FALSE	FALSE	1	10	10	1	19	19	0	0	0	0	0
https://github.com/chrism0dwk/wuhan	modelling of the ncov-2019 outbreak in wuhan, china.		chrism0dwk/wuhan	chrism0dwk	User		2020-01-26	R		FALSE	TRUE	TRUE	FALSE	TRUE	FALSE	FALSE	0	0	0	1	21	21	0	0	0	0	0
https://github.com/kiang/2019-nCoV			kiang/2019-nCoV	kiang	User		2020-01-26	JavaScript		TRUE	FALSE	TRUE	FALSE	TRUE	FALSE	FALSE	0	3	3	1	40	40	0	0	0	0	0
https://github.com/francovenica/Automation-GnosisSafe			francovenica/Automation-GnosisSafe	francovenica	User		2020-01-26	JavaScript		FALSE	FALSE	TRUE	FALSE	TRUE	FALSE	FALSE	0	0	0	1	2	2	0	0	0	0	0
https://github.com/alex-stout/2019-nCoV	api to monitor the live statistics of the 2019-ncov		alex-stout/2019-nCoV	alex-stout	User		2020-01-24			FALSE	TRUE	TRUE	FALSE	TRUE	FALSE	FALSE	0	0	0	1	1	1	0	0	0	0	0
https://github.com/johnmelodyme/CoronaVirus			johnmelodyme/CoronaVirus	johnmelodyme	User		2020-01-26	Java		FALSE	FALSE	TRUE	FALSE	TRUE	FALSE	FALSE	0	1	1	1	5	5	0	0	0	0	0
https://github.com/CarryChang/Outbreak_Vis	ä¸€ä¸ªè‡ªå‘çš„201æ–°å‹å† çŠ¶ç—…æ¯’ 2019-ncovçš„ç–«æƒ…å‘å±•æ—¶é—´åºåˆ—å¯è§†åŒ–é¡¹ç›®ï¼ˆç–«æƒ…æ„ŸæŸ“æ—¶é—´åºåˆ—ï¼‰ï¼Œ åº•å±‚å®Œå…¨ä½¿ç”¨elasticsearch-5.6è¿›è¡Œæ•°æ®å­˜å‚¨ï¼Œåˆ©ç”¨å‰ä¸­åå°çš„é…åˆå®Œæˆ2019æ–°å‹å† çŠ¶ç—…æ¯’çš„ç–«æƒ…å‘å±•æ—¶é—´åºåˆ—å¯è§†åŒ–é¡¹ç›®ï¼Œæ–¹ä¾¿è§‚å¯Ÿç–«æƒ…å‘å±•æƒ…å†µï¼Œå¹¶å¯ä»¥ç»“åˆå›å½’æ¨¡å‹å¯¹ç–«æƒ…è¿›è¡Œé¢„æµ‹ã€‚	visualization, regression-analysis, 2019-ncov, data-mining, outbreak-data	CarryChang/Outbreak_Vis	CarryChang	User		2020-01-24		apache-2.0	FALSE	TRUE	TRUE	FALSE	TRUE	FALSE	FALSE	0	1	1	1	8	8	0	0	0	0	0
https://github.com/GayHub1/2019nCoV			GayHub1/2019nCoV	GayHub1	User		2020-01-27	Java		FALSE	FALSE	TRUE	FALSE	TRUE	FALSE	FALSE	0	0	0	1	1	1	0	0	0	0	0
https://github.com/JoshuaYF/ncov-statistics	åŸºäºä¸é¦™å›­open apiå’Œechartsçš„æ­¦æ±‰æ–°å‹å† çŠ¶ç—…æ¯’è‚ºç‚ç–«æƒ…ç»Ÿè®¡å›¾		JoshuaYF/ncov-statistics	JoshuaYF	User		2020-01-25	HTML		FALSE	TRUE	TRUE	FALSE	TRUE	FALSE	FALSE	0	2	2	1	21	21	0	0	0	0	0
https://github.com/Qiucode/2019-nCoV.github.io			Qiucode/2019-nCoV.github.io	Qiucode	User		2020-01-24	HTML		FALSE	FALSE	TRUE	FALSE	TRUE	FALSE	FALSE	0	0	0	1	1	1	0	0	0	0	0
https://github.com/RangeKing/2019nCoV-DataVisualization	ä¸€ä¸ªä¸­å›½æ–°å‹å† çŠ¶ç—…æ¯’ç–«æƒ…æ•°æ®å¯è§†åŒ–çš„ä¾‹å­		RangeKing/2019nCoV-DataVisualization	RangeKing	User		2020-01-24			FALSE	TRUE	TRUE	FALSE	TRUE	FALSE	FALSE	0	1	1	1	6	6	0	0	0	0	0
https://github.com/canghailan/Wuhan-2019-nCoV	æ­¦æ±‰ 2019 æ–°å† çŠ¶ç—…æ¯’ ç»Ÿè®¡æ•°æ®	wuhan, dataset, 2019-ncov	canghailan/Wuhan-2019-nCoV	canghailan	User		2020-01-27	Jupyter Notebook		FALSE	TRUE	TRUE	FALSE	TRUE	FALSE	FALSE	0	0	0	1	6	6	0	0	0	0	0
https://github.com/dai-pch/2019-nCoV-Fit	sir and seir model fitting for 2019-ncov.		dai-pch/2019-nCoV-Fit	dai-pch	User		2020-01-24	Python		FALSE	TRUE	TRUE	FALSE	TRUE	FALSE	FALSE	1	3	3	1	18	18	0	0	0	0	0
https://github.com/FrancoValdes/zuli-front	proyecto de muestra de productos 		FrancoValdes/zuli-front	FrancoValdes	User		2020-01-22		mit	FALSE	TRUE	TRUE	FALSE	TRUE	FALSE	FALSE	0	0	0	1	1	1	0	0	0	0	0
https://github.com/kblancov/cw02			kblancov/cw02	kblancov	User		2020-01-27	C++		FALSE	FALSE	TRUE	FALSE	TRUE	FALSE	FALSE	0	0	0	1	1	1	0	0	0	0	0
https://github.com/cran/jointMeanCov	:exclamation:Â thisÂ isÂ aÂ read-onlyÂ mirrorÂ ofÂ theÂ cranÂ rÂ packageÂ repository.  jointmeancovÂ â€”Â jointÂ meanÂ andÂ covarianceÂ estimationÂ forÂ matrix-variateÂ data  		cran/jointMeanCov	cran	Organization	unofficial read-only mirror of all cran r packages	2020-01-27	R		FALSE	FALSE	TRUE	FALSE	TRUE	FALSE	FALSE	0	0	0	1	1	1	0	0	0	0	0
https://github.com/DnCov/project-self-record	the project self record		DnCov/project-self-record	DnCov	Organization	""	2020-01-25			FALSE	TRUE	TRUE	FALSE	TRUE	FALSE	FALSE	0	0	0	1	1	1	0	0	0	0	0
https://github.com/epignatelli/coronavirus-infographics			epignatelli/coronavirus-infographics	epignatelli	User		2020-01-26			FALSE	TRUE	TRUE	FALSE	TRUE	FALSE	FALSE	0	0	0	1	2	2	0	0	0	0	0
https://github.com/shfshanyue/2019-ncov	æ­¦æ±‰æ–°å‹å† çŠ¶ç—…æ¯’è‚ºç‚ç–«æƒ…å®æ—¶åŠ¨æ€åŠçœå¸‚åœ°å›¾		shfshanyue/2019-ncov	shfshanyue	User		2020-01-27	JavaScript		FALSE	TRUE	TRUE	FALSE	TRUE	FALSE	FALSE	3	5	5	1	22	22	0	0	0	0	0
https://github.com/realvivekganta/CoronaVirusTweetScraper	this is a bot that scrapes tweets related to the wuhan coronavirus to track the movement of the virus.		realvivekganta/CoronaVirusTweetScraper	realvivekganta	User		2020-01-27	Python	mit	FALSE	FALSE	TRUE	FALSE	TRUE	FALSE	FALSE	0	0	0	1	2	2	0	0	0	0	0
https://github.com/zangjiahe/2019-nCoV	2019-ncov-apiï¼Œæ–°å‹å† å‹è‚ºç‚ç–«æƒ…åœ¨çº¿æŸ¥è¯¢apiï¼Œæ•°æ®æ¥æºï¼šä¸é¦™å›­ï¼Œä»£ç ç¼–å†™ä¸äº¤ç²—ç³™ï¼Œæ²¡æœ‰è¿›è¡Œä»£ç ä¼˜åŒ–ï¼Œæœ¬ç¨‹åºå¯éšæ„è¿›è¡ŒäºŒæ¬¡å¼€å‘		zangjiahe/2019-nCoV	zangjiahe	User		2020-01-25	Java		FALSE	TRUE	TRUE	FALSE	TRUE	FALSE	FALSE	0	0	0	1	5	5	0	0	0	0	0
https://github.com/HopkinsIDD/ncov_incubation	estimating the incubation time of the wuhan coronavirus based on traveler data using coarse data tools		HopkinsIDD/ncov_incubation	HopkinsIDD	Organization	""	2020-01-26	Stan		FALSE	TRUE	TRUE	FALSE	TRUE	FALSE	FALSE	0	1	1	1	3	3	0	0	0	0	0
https://github.com/boxfrommars/2019-nCoV			boxfrommars/2019-nCoV	boxfrommars	User		2020-01-24	PHP		FALSE	TRUE	TRUE	FALSE	TRUE	FALSE	FALSE	0	0	0	1	45	45	0	0	0	0	0
https://github.com/ForeverOpp/2019-nCoV-AnnounceBot			ForeverOpp/2019-nCoV-AnnounceBot	ForeverOpp	User		2020-01-24	Python		FALSE	TRUE	TRUE	FALSE	TRUE	FALSE	FALSE	0	0	0	1	2	2	0	0	0	0	0
https://github.com/PaperCube/NCoVMonitor			PaperCube/NCoVMonitor	PaperCube	User		2020-01-24	Kotlin		FALSE	FALSE	TRUE	FALSE	TRUE	FALSE	FALSE	0	0	0	1	1	1	0	0	0	0	0
https://github.com/TankNee/nCoV-2019-DataAPI	wuhan ncov real-time data interface	ncov-data-visual, 2019-ncov, ncov	TankNee/nCoV-2019-DataAPI	TankNee	User		2020-01-27	JavaScript		FALSE	TRUE	TRUE	FALSE	TRUE	FALSE	FALSE	1	2	2	1	5	5	0	0	0	0	0
https://github.com/o2dp/nCoV-gd-map			o2dp/nCoV-gd-map	o2dp	User		2020-01-26	HTML		TRUE	FALSE	TRUE	FALSE	TRUE	FALSE	FALSE	0	0	0	1	10	10	0	0	0	0	0
https://github.com/whkoh/2019-ncov	list of places in singapore associated with confirmed cases of 2019-ncov		whkoh/2019-ncov	whkoh	User		2020-01-24		mit	FALSE	TRUE	TRUE	FALSE	TRUE	FALSE	FALSE	0	0	0	1	22	22	0	0	0	0	0
https://github.com/dalorkee/ncov-2019			dalorkee/ncov-2019	dalorkee	User		2020-01-23	HTML		FALSE	TRUE	TRUE	FALSE	TRUE	FALSE	FALSE	0	0	0	1	24	24	0	0	0	0	0
https://github.com/InstituteforDiseaseModeling/nCoV	a repo for support work on the wuhan coronavirus outbreak.		InstituteforDiseaseModeling/nCoV	InstituteforDiseaseModeling	Organization	institute for disease modeling is committed to improving and saving lives in developing countries through the use of quantitative analysis.	2020-01-24	R		FALSE	FALSE	TRUE	FALSE	TRUE	FALSE	FALSE	0	0	0	1	6	6	0	0	0	0	0
https://github.com/yumusb/2019-nCoV_dingtalk	å®æ—¶æ¨é€ç–«æƒ…ä¿¡æ¯åˆ°é’‰é’‰æœºå™¨äºº		yumusb/2019-nCoV_dingtalk	yumusb	User		2020-01-27	PHP		FALSE	TRUE	TRUE	FALSE	TRUE	FALSE	FALSE	0	0	0	1	3	3	0	0	0	0	0
https://github.com/MrZhengXin/fujian_2019_ncov_virus_warning	very simple and naive python program based on selenium.		MrZhengXin/fujian_2019_ncov_virus_warning	MrZhengXin	User		2020-01-22	Python	mit	FALSE	FALSE	TRUE	FALSE	TRUE	FALSE	FALSE	0	0	0	1	2	2	0	0	0	0	0
https://github.com/wybert/open_ncov	è¿™ä¸ªé¡¹ç›®ç”¨äºæœ‰å…³`æ­¦æ±‰è‚ºç‚` `2019-ncov` çš„ç›¸å…³æ•°æ®å’Œåœ°ç†ç©ºé—´åˆ¶å›¾ä»¥åŠç›¸å…³è®ºæ–‡çš„è·å–åˆ†äº«å’Œå‘å¸ƒ		wybert/open_ncov	wybert	User		2020-01-24		mit	FALSE	TRUE	TRUE	FALSE	TRUE	FALSE	FALSE	0	0	0	1	1	1	0	0	0	0	0
https://github.com/WenjieZ/2019-nCoV	2019å¹´ï¼2020å¹´æ–°å‹å† çŠ¶ç—…æ¯’è‚ºç‚ï¼ˆæ­¦æ±‰è‚ºç‚ï¼‰		WenjieZ/2019-nCoV	WenjieZ	User		2020-01-22			FALSE	TRUE	TRUE	FALSE	TRUE	FALSE	FALSE	0	2	2	1	23	23	0	0	0	0	0
https://github.com/bahe007/CoronaTracker	a simple personal website on the coronavirus.		bahe007/CoronaTracker	bahe007	User		2020-01-26	JavaScript		TRUE	FALSE	TRUE	FALSE	TRUE	FALSE	FALSE	0	0	0	1	2	2	0	0	0	0	0
https://github.com/Maicius/ncovWeRobot	ä¸»åŠ¨æ¨é€ç–«æƒ…çš„å¾®ä¿¡æœºå™¨äºº		Maicius/ncovWeRobot	Maicius	User		2020-01-26	Python		FALSE	TRUE	TRUE	FALSE	TRUE	FALSE	FALSE	0	0	0	1	10	10	0	0	0	0	0
https://github.com/BlueCocoa/2019-ncov	2019-ncov		BlueCocoa/2019-ncov	BlueCocoa	User		2020-01-23	Python	mit	FALSE	TRUE	TRUE	FALSE	TRUE	FALSE	FALSE	0	1	1	1	23	23	0	0	0	0	0
https://github.com/biomedontology/cido	cido: coronavirus infectious disease ontology		biomedontology/cido	biomedontology	Organization		2020-01-25			FALSE	TRUE	TRUE	FALSE	TRUE	FALSE	FALSE	0	0	0	1	23	23	0	0	0	0	0
https://github.com/nextstrain/cov	coronavirus builds		nextstrain/cov	nextstrain	Organization	real-time tracking of pathogen evolution	2020-01-27	Python		FALSE	TRUE	TRUE	FALSE	TRUE	FALSE	FALSE	0	1	1	1	8	8	0	0	0	0	0
https://github.com/Academic-nCoV/2019-nCoV	å…³å¿ƒ2019-ncovç–«æƒ…ï¼ŒåŒæ­¥å›½å¤–ï¼ˆå­¦æœ¯ã€æ­£å¼ç»„ç»‡ã€æœ‰å½±å“åŠ›çš„åª’ä½“ï¼‰ä¿¡æ¯ã€‚		Academic-nCoV/2019-nCoV	Academic-nCoV	User		2020-01-27			FALSE	TRUE	TRUE	FALSE	FALSE	FALSE	FALSE	0	0	0	1	1	1	0	0	0	0	0
https://github.com/neil-vqa/Data-viz06	source code for https://wuhan-ncov.herokuapp.com/		neil-vqa/Data-viz06	neil-vqa	User		2020-01-27	Python		FALSE	TRUE	TRUE	FALSE	TRUE	FALSE	FALSE	0	0	0	1	2	2	0	0	0	0	0
https://github.com/mokeeqian/wuhan-ncov	æ­¦æ±‰2020æ–°å‹å† çŠ¶ç—…æ¯’ï¼ˆ2019-ncovï¼‰å…¨å›½ç–«æƒ…å®æ—¶ç›‘æ§å¹³å°ï¼Œæ­¦æ±‰åŠ æ²¹ï¼	2019-ncov, wuhan-pneumonia, wuhan-coronavirus-outbreak, 2019ncov, wuhan	mokeeqian/wuhan-ncov	mokeeqian	User		2020-01-27	Python		FALSE	TRUE	TRUE	FALSE	TRUE	FALSE	FALSE	0	0	0	1	3	3	0	0	0	0	0
https://github.com/mzdluo123/wuhan_bot	è‡ªåŠ¨å°†2019-ncovçš„æœ€æ–°ä¿¡æ¯å’Œæ‚£ç—…äººæ•°å‘é€åˆ°qqç¾¤-ä½¿ç”¨ä¸é¦™å›­æ•°æ®		mzdluo123/wuhan_bot	mzdluo123	User		2020-01-25	Python		FALSE	TRUE	TRUE	FALSE	TRUE	FALSE	FALSE	0	4	4	1	2	2	0	0	0	0	0
https://github.com/jafrancov/mtwdm-swift-ColorMakerApp-switches	una app que cambia el background de una vista con switches rgb		jafrancov/mtwdm-swift-ColorMakerApp-switches	jafrancov	User		2020-01-26	Swift		FALSE	TRUE	TRUE	FALSE	TRUE	FALSE	FALSE	0	0	0	1	2	2	0	0	0	0	0
https://github.com/borankux/nCov	æ–°å‹è‚ºç‚ä¼ æ’­æ•°æ®æ›´æ–°ã€‚data is not official, only for research purposes.		borankux/nCov	borankux	User		2020-01-22	PHP		FALSE	TRUE	TRUE	FALSE	TRUE	FALSE	FALSE	1	1	1	1	18	18	0	0	0	0	0
https://github.com/acdzh/2019-nCov_QQbot	å®æ—¶æ¨é€æœ€æ–°ç–«æƒ…æ¶ˆæ¯çš„qqæœºå™¨äºº		acdzh/2019-nCov_QQbot	acdzh	User		2020-01-27	Go	wtfpl	FALSE	TRUE	TRUE	FALSE	TRUE	FALSE	FALSE	0	0	0	1	2	2	0	0	0	0	0
https://github.com/ergodiclife/wuhan-coronavirus	tracking the wuhan coronavirus (2019-ncov)		ergodiclife/wuhan-coronavirus	ergodiclife	User		2020-01-26	R	gpl-3.0	FALSE	TRUE	TRUE	FALSE	TRUE	FALSE	FALSE	0	0	0	1	2	2	0	0	0	0	0
https://github.com/cmrivers/ncov			cmrivers/ncov	cmrivers	User		2020-01-23			FALSE	TRUE	TRUE	FALSE	TRUE	FALSE	FALSE	0	6	6	1	13	13	0	0	0	0	0
https://github.com/aglucaci/nCov			aglucaci/nCov	aglucaci	User		2020-01-22	Shell		FALSE	TRUE	TRUE	FALSE	TRUE	FALSE	FALSE	0	0	0	1	10	10	0	0	0	0	0
https://github.com/msyazwan/news_coronavirus_json	scraped news article for corona virus tracker.		msyazwan/news_coronavirus_json	msyazwan	User		2020-01-26			FALSE	TRUE	TRUE	FALSE	TRUE	FALSE	FALSE	0	0	0	1	28	28	0	0	0	0	0
https://github.com/ncoronavirus/Toronto2020	aid toronto and the gta in defeating the coronavirus.		ncoronavirus/Toronto2020	ncoronavirus	User		2020-01-26			FALSE	TRUE	TRUE	FALSE	TRUE	FALSE	FALSE	0	0	0	1	1	1	0	0	0	0	0
https://github.com/EduVencovsky/react-template	formik and material ui template components		EduVencovsky/react-template	EduVencovsky	User		2020-01-23	JavaScript		FALSE	FALSE	TRUE	FALSE	TRUE	FALSE	FALSE	0	0	0	1	8	8	0	0	0	0	0
https://github.com/G-You/2019-nCov	screenshots and videos recording the reactions/comments/etc. by chinese netizens responding to the 2019-ncov originating in wuhan, china		G-You/2019-nCov	G-You	User		2020-01-27			FALSE	TRUE	TRUE	FALSE	TRUE	FALSE	FALSE	0	0	0	1	3	3	0	0	0	0	0
https://github.com/joshuaferr1s/coronavirus	coronavirus data viewer		joshuaferr1s/coronavirus	joshuaferr1s	User		2020-01-27	CSS		FALSE	TRUE	TRUE	FALSE	TRUE	FALSE	FALSE	0	0	0	1	1	1	0	0	0	0	0
https://github.com/wuyax/2019-nCoV			wuyax/2019-nCoV	wuyax	User		2020-01-21	Vue		TRUE	TRUE	TRUE	FALSE	TRUE	FALSE	FALSE	1	0	0	1	7	7	0	0	0	0	0
https://github.com/GeoffreyY/ncov_notebook			GeoffreyY/ncov_notebook	GeoffreyY	User		2020-01-22	Jupyter Notebook		FALSE	FALSE	TRUE	FALSE	TRUE	FALSE	FALSE	0	0	0	1	1	1	0	0	0	0	0
https://github.com/jafrancov/mtwdm-swift-ClickMeApp	una app sencilla que contabiliza cada toque (click) que se le da a un botÃ³n.		jafrancov/mtwdm-swift-ClickMeApp	jafrancov	User		2020-01-26	Swift		FALSE	TRUE	TRUE	FALSE	TRUE	FALSE	FALSE	0	0	0	1	2	2	0	0	0	0	0
https://github.com/Nicba1010/Wuhan-Coronavirus-Info	crappy widget to track official statistics		Nicba1010/Wuhan-Coronavirus-Info	Nicba1010	User		2020-01-26	Kotlin		FALSE	FALSE	TRUE	FALSE	TRUE	FALSE	FALSE	0	0	0	1	1	1	0	0	0	0	0
https://github.com/Citing/anti-2019-nCoV	ä¼—å¿—æˆåŸï¼Œé˜²æ§ç–«æƒ…		Citing/anti-2019-nCoV	Citing	User		2020-01-26			FALSE	TRUE	TRUE	FALSE	TRUE	FALSE	FALSE	0	0	0	1	1	1	0	0	0	0	0
https://github.com/hexid26/2019nCoV	2019 å¹´æ–°å‹å† çŠ¶ç—…æ¯’æ„ŸæŸ“æ•°æ®æ”¶é›†		hexid26/2019nCoV	hexid26	User		2020-01-26	HTML	mit	FALSE	TRUE	TRUE	FALSE	TRUE	FALSE	FALSE	0	0	0	1	16	16	0	0	0	0	0
https://github.com/itsyaoyu/wuhan_coronavirus	graphing the spread of the wuhan coronavirus		itsyaoyu/wuhan_coronavirus	itsyaoyu	User		2020-01-23	HTML		FALSE	TRUE	TRUE	FALSE	TRUE	FALSE	FALSE	0	0	0	1	4	4	0	0	0	0	0
https://github.com/wych/nCoV-watch-dog	pneumonia information watch dog.		wych/nCoV-watch-dog	wych	User		2020-01-25	Python	mit	FALSE	TRUE	TRUE	FALSE	TRUE	FALSE	FALSE	0	0	0	1	2	2	0	0	0	0	0
https://github.com/notfree/Coronavirus	corona virus		notfree/Coronavirus	notfree	User		2020-01-27	Python		FALSE	TRUE	TRUE	FALSE	TRUE	FALSE	FALSE	0	0	0	1	6	6	0	0	0	0	0
https://github.com/dxsooo/nCoVOutBreak			dxsooo/nCoVOutBreak	dxsooo	User		2020-01-27			FALSE	FALSE	TRUE	FALSE	TRUE	FALSE	FALSE	0	0	0	1	1	1	0	0	0	0	0
https://github.com/jiker-com/ncov-api	ncovçš„apiä»“åº“		jiker-com/ncov-api	jiker-com	Organization		2020-01-25			FALSE	TRUE	TRUE	FALSE	TRUE	FALSE	FALSE	0	0	0	1	1	1	0	0	0	0	0
https://github.com/sta199-sp20-002/appex-04-coronavirus	appex 04 - mapping the novel wuhan coronavirus outbreak		sta199-sp20-002/appex-04-coronavirus	sta199-sp20-002	Organization		2020-01-25	HTML		FALSE	TRUE	TRUE	FALSE	TRUE	FALSE	FALSE	0	0	0	1	2	2	0	0	0	0	0
https://github.com/wanghaMAX/2019-nCov-info-provider	åœ¨æ­¦æ±‰è‚ºç‚é¢å‰ï¼Œæˆ‘ä»¬ä¸å¸Œæœ›åšä¸ªåƒç“œç¾¤ä¼—ï¼Œæˆ‘ä»¬æƒ³è¦ä¸ºå¤§å®¶æä¾›å¸®åŠ©ï¼ï¼ï¼		wanghaMAX/2019-nCov-info-provider	wanghaMAX	User		2020-01-22			FALSE	TRUE	TRUE	FALSE	TRUE	FALSE	FALSE	0	1	1	1	2	2	0	0	0	0	0
https://github.com/Cyberist-Edgar/2020-novel-coronavirus	ä¸é¦™å›­çˆ¬å–ç–«æƒ…ç›¸å…³ä¿¡æ¯		Cyberist-Edgar/2020-novel-coronavirus	Cyberist-Edgar	User		2020-01-24	HTML		FALSE	TRUE	TRUE	FALSE	TRUE	FALSE	FALSE	0	1	1	1	7	7	0	0	0	0	0
https://github.com/zyd16888/nCoV-Push-Python	ncovå¾®ä¿¡æ¨é€è„šæœ¬ï¼ŒåŸºäºserveré…±ï¼Œæ•°æ®æ¥æºäºä¸é¦™å›­  ncov wechat push script, based on server sauce, data from dxy		zyd16888/nCoV-Push-Python	zyd16888	User		2020-01-25	Python		FALSE	TRUE	TRUE	FALSE	TRUE	FALSE	FALSE	0	0	0	1	3	3	0	0	0	0	0
https://github.com/EthanGeekFan/nCoV	get instant information about the novel coronavirus(ncov)		EthanGeekFan/nCoV	EthanGeekFan	User		2020-01-27		mit	FALSE	TRUE	TRUE	FALSE	TRUE	FALSE	FALSE	0	0	0	1	2	2	0	0	0	0	0
https://github.com/jiker-com/ncov			jiker-com/ncov	jiker-com	Organization		2020-01-25			FALSE	TRUE	TRUE	FALSE	TRUE	FALSE	FALSE	0	0	0	1	1	1	0	0	0	0	0
https://github.com/143034/-coronavirus-			143034/-coronavirus-	143034	User		2020-01-27	Python		FALSE	FALSE	TRUE	FALSE	TRUE	FALSE	FALSE	0	0	0	1	1	1	0	0	0	0	0
https://github.com/Sudamid/wuhan-19nCov-news-reporter	2019æ–°å‹å† çŠ¶ç—…æ¯’ï¼ˆæ­¦æ±‰è‚ºç‚ï¼‰ä¸­å›½æ”¿åºœéƒ¨é—¨æ–°é—»çˆ¬è™«è„šæœ¬ï¼ˆéå®˜æ–¹ï¼‰		Sudamid/wuhan-19nCov-news-reporter	Sudamid	User		2020-01-21	Python	mit	FALSE	TRUE	TRUE	FALSE	TRUE	FALSE	FALSE	2	6	6	1	5	5	0	0	0	0	0
https://github.com/samyn/2019nCoVPaperTrans	æ–°å‹å† çŠ¶ç—…æ¯’ç›¸å…³è®ºæ–‡ç¿»è¯‘		samyn/2019nCoVPaperTrans	samyn	User		2020-01-27			FALSE	TRUE	TRUE	FALSE	TRUE	FALSE	FALSE	0	0	0	1	14	14	0	0	0	0	0
https://github.com/ncov-ic/ncov-orderly			ncov-ic/ncov-orderly	ncov-ic	Organization		2020-01-27	Dockerfile	mit	FALSE	TRUE	TRUE	FALSE	TRUE	FALSE	FALSE	0	0	0	1	1	1	0	0	0	0	0
https://github.com/SBBTD/2019-nCoV-CoolQ	2019-ncovæœ€æ–°åŠ¨æ€é…·qæ¨é€æ’ä»¶		SBBTD/2019-nCoV-CoolQ	SBBTD	User		2020-01-24	Go		FALSE	TRUE	TRUE	FALSE	TRUE	FALSE	FALSE	0	0	0	1	4	4	0	0	0	0	0
https://github.com/fzy0728/nCoVDataStruct	ç»“æ„åŒ–æŠ½å–çš„ncovæ–°é—»æ–‡æœ¬		fzy0728/nCoVDataStruct	fzy0728	User		2020-01-26	Python		FALSE	FALSE	TRUE	FALSE	TRUE	FALSE	FALSE	0	0	0	1	2	2	0	0	0	0	0
https://github.com/ginkgoch/nCoV-map			ginkgoch/nCoV-map	ginkgoch	User		2020-01-26	JavaScript		FALSE	TRUE	TRUE	FALSE	TRUE	FALSE	FALSE	0	0	0	1	4	4	0	0	0	0	0
https://github.com/nCoV-Relief/nCoV-Relief.github.io			nCoV-Relief/nCoV-Relief.github.io		Organization		2020-01-23	HTML		TRUE	FALSE	TRUE	FALSE	TRUE	FALSE	FALSE	0	0	0	1	16	16	0	0	0	0	0
https://github.com/JakeJing/wuhan-coronavirus	preliminary descriptive analysis of 17 patients killed by wuhan coronavirus		JakeJing/wuhan-coronavirus	JakeJing	User		2020-01-24			FALSE	TRUE	TRUE	FALSE	TRUE	FALSE	FALSE	0	0	0	1	1	1	0	0	0	0	0
https://github.com/affans/2019-ncov	r0 estimation of the 2019 corona virus coming out of wuhan, china		affans/2019-ncov	affans	User		2020-01-24	Jupyter Notebook		FALSE	TRUE	TRUE	FALSE	TRUE	FALSE	FALSE	0	0	0	1	1	1	0	0	0	0	0
https://github.com/hsianktin/2019nCoV	collected materials for 2019 ncov in china, calling for high-level alerts.		hsianktin/2019nCoV	hsianktin	User		2020-01-22			FALSE	TRUE	TRUE	FALSE	TRUE	FALSE	FALSE	0	0	0	1	3	3	0	0	0	0	0
https://github.com/crawlerclub/dxy2019nCoV	2019-ncov data		crawlerclub/dxy2019nCoV	crawlerclub	Organization	""	2020-01-27	HTML		FALSE	TRUE	TRUE	FALSE	TRUE	FALSE	FALSE	0	1	1	1	9	9	0	0	0	0	0
https://github.com/jameshay218/case_to_infection	back-of-the-envelope attempt to convert incidence of sars-ncov case reports into incidence of infections		jameshay218/case_to_infection	jameshay218	User		2020-01-26	R	gpl-3.0	FALSE	TRUE	TRUE	FALSE	TRUE	FALSE	FALSE	1	0	0	1	15	15	0	0	0	0	0
https://github.com/hweecat/corona-geomap	geo-visualization of 2019-ncov confirmed cases and deaths using plotly		hweecat/corona-geomap	hweecat	User		2020-01-26	HTML		TRUE	TRUE	TRUE	FALSE	TRUE	FALSE	FALSE	0	0	0	1	7	7	0	0	0	0	0
https://github.com/balala/wuhan-ncov			balala/wuhan-ncov	balala	Organization	""	2020-01-26	JavaScript		FALSE	TRUE	TRUE	FALSE	TRUE	FALSE	FALSE	0	0	0	1	1	1	0	0	0	0	0
https://github.com/ncov-ic/ncov-orderly-web			ncov-ic/ncov-orderly-web	ncov-ic	Organization		2020-01-27	Shell		FALSE	TRUE	TRUE	FALSE	TRUE	FALSE	FALSE	0	0	0	1	1	1	0	0	0	0	0
https://github.com/zoeferencova/coordinator-tool-wireframes	wireframes for coordinator tool capstone		zoeferencova/coordinator-tool-wireframes	zoeferencova	User		2020-01-22	HTML		TRUE	FALSE	TRUE	FALSE	TRUE	FALSE	FALSE	0	0	0	1	12	12	0	0	0	0	0
https://github.com/BoXu123/2019-nCoV-epiData	epidemiological and demographic data of confirmed cases in the 2019-ncov outbreak.		BoXu123/2019-nCoV-epiData	BoXu123	User		2020-01-26		mit	FALSE	TRUE	TRUE	FALSE	TRUE	FALSE	FALSE	0	0	0	1	6	6	0	0	0	0	0
https://github.com/frankysu2017/nCoV			frankysu2017/nCoV	frankysu2017	User		2020-01-23	Python		FALSE	FALSE	TRUE	FALSE	TRUE	FALSE	FALSE	0	0	0	1	1	1	0	0	0	0	0
https://github.com/flykeying/2019ncov			flykeying/2019ncov	flykeying	User		2020-01-25		mit	FALSE	FALSE	TRUE	FALSE	TRUE	FALSE	FALSE	0	0	0	1	1	1	0	0	0	0	0
https://github.com/sgfm/CoronavirusVisualization	visualizing the spread of the coronavirus		sgfm/CoronavirusVisualization	sgfm	User		2020-01-27			FALSE	TRUE	TRUE	FALSE	TRUE	FALSE	FALSE	0	0	0	1	1	1	0	0	0	0	0
https://github.com/oisincoveney/KaggleNotebooks	my foray into data science with kaggle.		oisincoveney/KaggleNotebooks	oisincoveney	User		2020-01-22			FALSE	TRUE	TRUE	FALSE	TRUE	FALSE	FALSE	0	0	0	1	1	1	0	0	0	0	0
https://github.com/daniel2231/coronavirusmap			daniel2231/coronavirusmap	daniel2231	User		2020-01-26	HTML		TRUE	FALSE	TRUE	FALSE	TRUE	FALSE	FALSE	0	0	0	1	1	1	0	0	0	0	0
https://github.com/standwithwuhan/rumorsbreaker	a public project for breaking the rumors in outbreak of a flu-like coronavirus in wuhan, china, 2020.		standwithwuhan/rumorsbreaker	standwithwuhan	User		2020-01-23			FALSE	TRUE	TRUE	FALSE	TRUE	FALSE	FALSE	0	0	0	1	2	2	0	0	0	0	0
https://github.com/MewemeW/nCoV	ä¸­å›½æ­¦æ±‰çš„ 2019-ncovç–«æƒ…åŠ¨æ€å¯è§†åŒ–		MewemeW/nCoV	MewemeW	User		2020-01-21			FALSE	TRUE	TRUE	FALSE	TRUE	FALSE	FALSE	2	1	1	1	1	1	0	0	0	0	0
https://github.com/huikaihoo/2019-nCoV	geochart of 2019-ncov casualties	geochart, 2019-ncov	huikaihoo/2019-nCoV	huikaihoo	User		2020-01-22	JavaScript		TRUE	FALSE	TRUE	FALSE	TRUE	FALSE	FALSE	0	0	0	1	15	15	0	0	0	0	0
https://github.com/yx-z/wuhan	personal website for 2019 wuhan coronavirus		yx-z/wuhan	yx-z	User		2020-01-26	CSS	mit	TRUE	TRUE	TRUE	TRUE	TRUE	FALSE	FALSE	0	1	1	1	45	42	0	0	3	0	0
https://github.com/JohnSpirit/2019nCoV-Watch-	cè¯­è¨€çˆ¬å–ä¸é¦™åŒ»ç”Ÿç–«æƒ…åœ°å›¾æ•°æ®å¹¶å­˜ç›˜		JohnSpirit/2019nCoV-Watch-	JohnSpirit	User		2020-01-22	C		FALSE	FALSE	TRUE	FALSE	TRUE	FALSE	FALSE	0	0	0	1	11	11	0	0	0	0	0
https://github.com/2019-nCoV-Confuse/2019-nCoV-Confuse.github.io			2019-nCoV-Confuse/2019-nCoV-Confuse.github.io	2019-nCoV-Confuse	User		2020-01-24	CSS		TRUE	FALSE	TRUE	FALSE	TRUE	FALSE	FALSE	0	0	0	1	2	2	0	0	0	0	0
https://github.com/iuming/Coronavirus	some papers on coronavirusï¼		iuming/Coronavirus	iuming	User		2020-01-20			FALSE	TRUE	TRUE	FALSE	TRUE	FALSE	FALSE	0	1	1	1	29	29	0	0	0	0	0
https://github.com/record-repo/2019nCoV-self-record			record-repo/2019nCoV-self-record	record-repo	User		2020-01-23			FALSE	FALSE	TRUE	FALSE	TRUE	FALSE	FALSE	0	0	0	1	4	4	0	0	0	0	0
https://github.com/burgess/2019-nCoV	2019 novel coronavirus		burgess/2019-nCoV	burgess	User		2020-01-22	HTML	gpl-3.0	TRUE	TRUE	TRUE	FALSE	TRUE	FALSE	FALSE	0	0	0	1	10	10	0	0	0	0	0
https://github.com/mathors/2019-nCoV	this repo holds the code for crawling the latest news on the pneumonia virus from clove doctor's website		mathors/2019-nCoV	wmathor	User		2020-01-22	Python		FALSE	TRUE	TRUE	FALSE	TRUE	FALSE	FALSE	5	15	15	1	31	31	0	0	0	0	0
https://github.com/Tiko-Lz1e/2019-nCoV-bot	é…·qç–«æƒ…æ•°æ®æŸ¥è¯¢æ’ä»¶		Tiko-Lz1e/2019-nCoV-bot	Tiko-Lz1e	User		2020-01-26	Python		FALSE	TRUE	TRUE	FALSE	TRUE	FALSE	FALSE	0	0	0	1	2	2	0	0	0	0	0
https://github.com/19nCoV/19ncov.github.io			19nCoV/19ncov.github.io	19nCoV	Organization	2019æ­¦æ±‰æ–°å‹å† çŠ¶ç—…æ¯’æ‰‹å†Œ	2020-01-26			TRUE	TRUE	TRUE	FALSE	TRUE	FALSE	FALSE	0	0	0	1	1	1	0	0	0	0	0
https://github.com/stanye/2019-ncov-flyline	2019-ncov-flyline		stanye/2019-ncov-flyline	stanye	User		2020-01-21	JavaScript		FALSE	TRUE	TRUE	FALSE	TRUE	FALSE	FALSE	0	0	0	1	5	5	0	0	0	0	0
https://github.com/jafrancov/mtwdm-swift-ColorMakerApp-sliders	una app sencilla que cambia el background de una vista con sliders rgb, adicionalmente se agregan constraints		jafrancov/mtwdm-swift-ColorMakerApp-sliders	jafrancov	User		2020-01-26	Swift		FALSE	TRUE	TRUE	FALSE	TRUE	FALSE	FALSE	0	0	0	1	2	2	0	0	0	0	0
https://github.com/JohnNiang/2019-nCoV	2019-ncov mail notification demo		JohnNiang/2019-nCoV	JohnNiang	User		2020-01-25	Java		FALSE	TRUE	TRUE	FALSE	TRUE	FALSE	FALSE	1	1	1	1	6	6	0	0	0	0	0
https://github.com/yujinpan/2019-nCoV	2019-ncov stat.		yujinpan/2019-nCoV	yujinpan	User		2020-01-24	JavaScript		TRUE	TRUE	TRUE	FALSE	TRUE	FALSE	FALSE	0	0	0	1	13	13	0	0	0	0	0
https://github.com/febrifahmi/2019-nCoV-Articles-Compilation	as a result of an epidemic outbreak of new coronavirus (2019-ncov) 80 people in china reportedly dead (cnn as of 27/1/2020) and the virus keep spreading. this repository compiles research articles available on the internet immediately after the outbreak happen to make it easier for us to understand the situation.		febrifahmi/2019-nCoV-Articles-Compilation	febrifahmi	User		2020-01-27			FALSE	TRUE	TRUE	FALSE	TRUE	FALSE	FALSE	0	0	0	1	11	11	0	0	0	0	0
https://github.com/ztjryg4/2019-nCov_MP	æ–°å‹å† çŠ¶ç—…æ¯’ (2019-ncov) ç–«æƒ…ç›‘æµ‹å°ç¨‹åºï¼Œæ•°æ®æ¥è‡ªå›½å®¶å«å¥å§”ã€ä¸é¦™å›­Â·ä¸é¦™åŒ»ç”Ÿç­‰ã€‚		ztjryg4/2019-nCov_MP	ztjryg4	User		2020-01-22	Python	mit	FALSE	TRUE	TRUE	FALSE	TRUE	FALSE	FALSE	0	0	0	1	10	10	0	0	0	0	0
https://github.com/jelincovil/jehyperblog	blog de practica		jelincovil/jehyperblog	jelincovil	User		2020-01-23	HTML		FALSE	TRUE	TRUE	FALSE	TRUE	FALSE	FALSE	0	0	0	1	3	3	0	0	0	0	0
https://github.com/jasonwwl/2019-nCov			jasonwwl/2019-nCov	jasonwwl	User		2020-01-25	JavaScript		FALSE	TRUE	TRUE	FALSE	TRUE	FALSE	FALSE	0	0	0	1	7	7	0	0	0	0	0
https://github.com/aliciawyy/coronavirus-outbreak-log	android app to log coronavirus patients information		aliciawyy/coronavirus-outbreak-log	aliciawyy	User		2020-01-23	Kotlin	mit	FALSE	TRUE	TRUE	FALSE	TRUE	FALSE	FALSE	0	0	0	1	2	2	0	0	0	0	0
https://github.com/2019-ncov-cases/2019-ncov-anhui	å®‰å¾½çœæ„ŸæŸ“2019æ–°å‹å† çŠ¶ç—…æ¯’ç¡®è¯ŠåŠç–‘ä¼¼ç—…ä¾‹æ•°æ®		2019-ncov-cases/2019-ncov-anhui	2019-ncov-cases	User		2020-01-27		gpl-3.0	FALSE	TRUE	TRUE	FALSE	TRUE	FALSE	FALSE	0	0	0	1	3	3	0	0	0	0	0
https://github.com/renqiang06/2019-ncov-rq	è®°å½•ä¸ªäºº2019æ­¦æ±‰è‚ºç‚çš„ç»å†		renqiang06/2019-ncov-rq	renqiang06	User		2020-01-27			FALSE	TRUE	TRUE	FALSE	TRUE	FALSE	FALSE	0	0	0	1	2	2	0	0	0	0	0
https://github.com/zhangchen915/2019-nCoV-Map	2019-ncov-åœ°ç†å¯è§†åŒ–		zhangchen915/2019-nCoV-Map	zhangchen915	User		2020-01-26	JavaScript		TRUE	TRUE	TRUE	FALSE	TRUE	FALSE	FALSE	0	2	2	1	13	13	0	0	0	0	0
https://github.com/renmu123/ncov	æ­¦æ±‰è‚ºç‚çš„ç›¸å…³æ•°æ®		renmu123/ncov	renmu123	User		2020-01-21	Python		FALSE	TRUE	TRUE	FALSE	TRUE	FALSE	FALSE	4	15	15	1	6	6	0	0	0	0	0
https://github.com/echo-cool/2019-nCov	2019-ncovæ„ŸæŸ“äººæ•°ğŸ˜· å¾®ä¿¡å…¬ä¼—å·å®æ—¶æŸ¥è¯¢ çˆ¬è™«è·å–	ncov, 2019ncov, crawler, ncov-data-visual, wechat-official-account, 2019-ncov	echo-cool/2019-nCov	echo-cool	User		2020-01-25	Python	mit	FALSE	TRUE	TRUE	TRUE	TRUE	FALSE	FALSE	1	2	2	1	10	9	0	0	1	0	0
https://github.com/ahyangnb/ncov_2019	ä¸ºæŠ—å‡»æ–°è‚ºç‚è´¡çŒ®ä¸€ä»½æŠ€æœ¯åŠ›é‡-appç ”å‘		ahyangnb/ncov_2019	ahyangnb	User		2020-01-25	Dart	apache-2.0	FALSE	TRUE	TRUE	FALSE	TRUE	FALSE	FALSE	1	6	6	1	34	34	0	0	0	0	0
https://github.com/colortail/coronavirus			colortail/coronavirus	colortail	User		2020-01-27			FALSE	TRUE	TRUE	FALSE	TRUE	FALSE	FALSE	0	0	0	1	1	1	0	0	0	0	0
https://github.com/jiji262/2019-ncov-news	2019-ncov ç–«æƒ…æœ€æ–°å®æ—¶æ•°æ®æ›´æ–°æ¸ é“ï¼ä¸ä¼ è°£ï¼Œä¸ä¿¡è°£ï¼		jiji262/2019-ncov-news	jiji262	User		2020-01-22			FALSE	TRUE	TRUE	FALSE	TRUE	FALSE	FALSE	0	0	0	1	10	10	0	0	0	0	0
https://github.com/theleadio/corona_flutter	flutter client for 2019-ncov updates		theleadio/corona_flutter	theleadio	Organization	""	2020-01-26	Dart	apache-2.0	FALSE	TRUE	TRUE	FALSE	TRUE	FALSE	FALSE	1	1	1	1	6	6	0	0	0	0	0
https://github.com/wybert/open-wuhan-ncov-illness-data			wybert/open-wuhan-ncov-illness-data	wybert	User		2020-01-27			FALSE	TRUE	TRUE	FALSE	TRUE	FALSE	FALSE	0	0	0	1	2	2	0	0	0	0	0
https://github.com/JieJiSS/wh-2019-ncov-live-status	real-time map of 2019-ncov patients		JieJiSS/wh-2019-ncov-live-status	JieJiSS	User		2020-01-24	JavaScript		FALSE	TRUE	TRUE	FALSE	TRUE	FALSE	FALSE	0	0	0	1	36	36	0	0	0	0	0
https://github.com/minicloudsky/2019_nCov	æ–°å‹å† çŠ¶ç—…æ¯’æ„ŸæŸ“æ•°æ®å¯è§†åŒ–		minicloudsky/2019_nCov	minicloudsky	User		2020-01-22		mit	FALSE	TRUE	TRUE	FALSE	TRUE	FALSE	FALSE	0	0	0	1	1	1	0	0	0	0	0
https://github.com/dodoru/wuhan-19nCov-sosbbs	æ­¦æ±‰è‚ºç‚sosè‡ªæ•‘ç¤¾åŒº		dodoru/wuhan-19nCov-sosbbs	dodoru	User		2020-01-26			FALSE	TRUE	TRUE	FALSE	TRUE	FALSE	FALSE	0	2	2	1	2	2	0	0	0	0	0
https://github.com/Cyanoxygen/dxy-2019-nCoV			Cyanoxygen/dxy-2019-nCoV	Cyanoxygen	User		2020-01-27	Python		FALSE	TRUE	TRUE	FALSE	TRUE	FALSE	FALSE	0	0	0	1	1	1	0	0	0	0	0
https://github.com/Mokwang/nCoVpush	é€šè¿‡serveré…±æ¨é€ä¸é¦™å›­å®æ—¶ç–«æƒ…æ¶ˆæ¯åˆ°å¾®ä¿¡å…¬ä¼—å·		Mokwang/nCoVpush	Mokwang	User		2020-01-26	Python		FALSE	TRUE	TRUE	FALSE	TRUE	FALSE	FALSE	0	1	1	1	12	12	0	0	0	0	0
https://github.com/gucciwu/pcc-2019-nCoV	wuhan 2019-ncov data service		gucciwu/pcc-2019-nCoV	gucciwu	User		2020-01-27	Python		FALSE	TRUE	TRUE	TRUE	TRUE	FALSE	FALSE	1	2	2	1	14	13	0	0	1	0	0
https://github.com/MagicLu550/2019-nCovProtection	å®æ—¶å±•ç¤ºncovç–«æƒ…çŠ¶å†µçš„ios app		MagicLu550/2019-nCovProtection	MagicLu550	User		2020-01-27			FALSE	TRUE	TRUE	FALSE	TRUE	FALSE	FALSE	0	0	0	1	1	1	0	0	0	0	0
https://github.com/dreamer2q/ncov	get latest update about ncov from `dxy` (https://3g.dxy.cn/newh5/view/pneumonia)		dreamer2q/ncov	dreamer2q	User		2020-01-23	Go	mit	FALSE	TRUE	TRUE	FALSE	TRUE	FALSE	FALSE	0	0	0	1	5	5	0	0	0	0	0
https://github.com/Shicheng-Guo/2019nCoV			Shicheng-Guo/2019nCoV	Shicheng-Guo	User		2020-01-23			FALSE	TRUE	TRUE	FALSE	TRUE	FALSE	FALSE	0	0	0	1	5	5	0	0	0	0	0
https://github.com/cnmozzie/2019-nCov_Fujian	epidemic map		cnmozzie/2019-nCov_Fujian	cnmozzie	User		2020-01-27			FALSE	FALSE	TRUE	FALSE	TRUE	FALSE	FALSE	0	0	0	1	2	2	0	0	0	0	0
https://github.com/nowa/ncov2019	a cli tool to get lastest information for ncov2019		nowa/ncov2019	nowa	User		2020-01-27	Go	mit	FALSE	FALSE	TRUE	FALSE	TRUE	FALSE	FALSE	0	0	0	1	6	6	0	0	0	0	0
https://github.com/timqian/2019nCoV-map	2019 ncov æ•°æ®å¸‚çº§å¯è§†åŒ–		timqian/2019nCoV-map	timqian	User		2020-01-26		mit	FALSE	TRUE	TRUE	FALSE	TRUE	FALSE	FALSE	0	0	0	1	1	1	0	0	0	0	0
https://github.com/Emergent-Epidemics/Emergent_Epidemics_Lab_nCoV2019	an rshiny app for mapping ncov2019 line list data	rshiny, leafletjs, r, infectious-diseases, mapbox, ncov	Emergent-Epidemics/Emergent_Epidemics_Lab_nCoV2019	Emergent-Epidemics	Organization	""	2020-01-25	R	mit	FALSE	TRUE	TRUE	FALSE	TRUE	FALSE	FALSE	1	3	3	1	7	7	0	0	0	0	0
https://github.com/brenner8023/2019-nCoV	æ–°å‹è‚ºç‚é˜²ç–«ï¼šåŠæ—¶é€šæŠ¥ï¼Œæœ‰æ•ˆé˜²æ§ï¼Œåšå†³æ‰“èµ¢è¿™åœºæ²¡æœ‰ç¡çƒŸçš„æˆ˜äº‰ã€‚		brenner8023/2019-nCoV	brenner8023	User		2020-01-26	JavaScript		FALSE	TRUE	TRUE	FALSE	TRUE	FALSE	FALSE	0	0	0	1	3	3	0	0	0	0	0
https://github.com/Chreem/nCoV-email	ncovç–«æƒ…æ–°é—»é‚®ä»¶æ¨é€		Chreem/nCoV-email	Chreem	User		2020-01-25	JavaScript	mit	FALSE	TRUE	TRUE	FALSE	TRUE	FALSE	FALSE	0	0	0	1	1	1	0	0	0	0	0
https://github.com/DMingOu/Fight-2019nCoV_App	2019ncovæ–°å† ç–«æƒ…åŠ¨æ€ app		DMingOu/Fight-2019nCoV_App	DMingOu	User		2020-01-26	Kotlin		FALSE	TRUE	TRUE	FALSE	TRUE	FALSE	FALSE	0	0	0	1	10	10	0	0	0	0	0
https://github.com/WabuNammyDupDup/2019-Wuhan-nCoV	2019-wuhan-ncov notes		WabuNammyDupDup/2019-Wuhan-nCoV	WabuNammyDupDup	User		2020-01-25		gpl-3.0	FALSE	FALSE	TRUE	FALSE	TRUE	FALSE	FALSE	0	0	0	1	10	10	0	0	0	0	0
https://github.com/AlbertGithubHome/ChineseVictory	documenting chinese efforts to combat the 2019-ncovï¼ˆè®°å½•ä¸­å›½äººæŠ—å‡»æ–°å‹å† çŠ¶ç—…æ¯’çš„åŠªåŠ›ï¼‰		AlbertGithubHome/ChineseVictory	AlbertGithubHome	User		2020-01-27		mit	FALSE	TRUE	TRUE	FALSE	TRUE	FALSE	FALSE	0	0	0	1	10	10	0	0	0	0	0
https://github.com/pdtyreus/coronavirus-ds	jupyter notebooks and python scripts for investigating the 2019 coronavirus outbreak	jupyter-notebook, geopandas, data-science, coronavirus	pdtyreus/coronavirus-ds	pdtyreus	User		2020-01-26	Jupyter Notebook	mit	FALSE	TRUE	TRUE	FALSE	TRUE	FALSE	FALSE	1	0	0	1	3	3	0	0	0	0	0
https://github.com/SamuelePolimi/Coronavirus-Report	a public collection of what is happening worldwide regarding the new virus 2019-ncov.		SamuelePolimi/Coronavirus-Report	SamuelePolimi	User		2020-01-26	Python		FALSE	TRUE	TRUE	FALSE	TRUE	FALSE	FALSE	0	0	0	1	2	2	0	0	0	0	0
https://github.com/kalzeo/CoronavirusWebsiteTracker			kalzeo/CoronavirusWebsiteTracker	kalzeo	User		2020-01-27	HTML		FALSE	FALSE	TRUE	FALSE	TRUE	FALSE	FALSE	0	0	0	1	1	1	0	0	0	0	0
https://github.com/zire/pandemic2020	key statistics for the coronavirus outbreak originated from wuhan in 2020		zire/pandemic2020	zire	User		2020-01-26			TRUE	TRUE	TRUE	FALSE	TRUE	FALSE	FALSE	0	0	0	1	11	11	0	0	0	0	0
https://github.com/ia15076/DANMAKU-via-Mastodon	danmaku via mastodon connects to mastodon's user or federation timeline by streaming, and fires acquired toots on the screen like nico nico douga.	niconico, mastodon-client, nicovideo, mastodon-app, danmaku, mastodon	ia15076/DANMAKU-via-Mastodon	ia15076	User		2020-01-20	C#		FALSE	TRUE	TRUE	FALSE	TRUE	FALSE	FALSE	0	0	0	1	11	11	0	0	0	0	0
https://github.com/SuperDiscovery/NCP-Model	novel coronavirus-related pneumonia infected forecast model		SuperDiscovery/NCP-Model	SuperDiscovery	User		2020-01-26			FALSE	FALSE	TRUE	FALSE	TRUE	FALSE	FALSE	0	0	0	1	2	2	0	0	0	0	0
https://github.com/android-apps-apk/coronavirus-protect			android-apps-apk/coronavirus-protect	android-apps-apk	User		2020-01-27			TRUE	TRUE	TRUE	FALSE	TRUE	FALSE	FALSE	0	0	0	1	4	4	0	0	0	0	0
https://github.com/wuhan-support/NcovWeRobotPersonal	è‡ªåŠ¨æ¨é€ç–«æƒ…ä¿¡æ¯çš„å¾®ä¿¡æœºå™¨äººï¼Œä¸ªäººè´¦å·ç‰ˆ		wuhan-support/NcovWeRobotPersonal	wuhan-support	Organization	#æ­¦æ±‰åŠ æ²¹ #wuhan-support æˆ‘ä»¬å…³æ³¨ä½ æ‰€å…³æ³¨çš„ï¼Œæˆ‘ä»¬æ”¯æŒéœ€è¦æ”¯æŒçš„ã€‚ we care what you care, we support who needs support.	2020-01-27	Python		FALSE	TRUE	TRUE	FALSE	TRUE	FALSE	FALSE	0	0	0	1	6	6	0	0	0	0	0
https://github.com/se7ven012/WuHan_19nCov	ä¸ä¸åŒ»ç”Ÿæ•°æ®çˆ¬å–		se7ven012/WuHan_19nCov	se7ven012	User		2020-01-24	Python		FALSE	TRUE	TRUE	FALSE	TRUE	FALSE	FALSE	0	0	0	1	15	15	0	0	0	0	0
https://github.com/nyem69/coronavirus_tracker	visualizations to keep tracks of news/info/numbers on coronavirus		nyem69/coronavirus_tracker	nyem69	User		2020-01-26	JavaScript	mit	FALSE	TRUE	TRUE	FALSE	TRUE	FALSE	FALSE	0	0	0	1	2	2	0	0	0	0	0
https://github.com/vilaca/wuhan-coronavirus-outbreak	wuhan coronavirus outbreak		vilaca/wuhan-coronavirus-outbreak	vilaca	User		2020-01-27			FALSE	TRUE	TRUE	FALSE	TRUE	FALSE	FALSE	0	1	1	1	14	14	0	0	0	0	0
https://github.com/ncov-ic/setup	documentation for the setup		ncov-ic/setup	ncov-ic	Organization		2020-01-27	HCL		FALSE	TRUE	TRUE	FALSE	TRUE	FALSE	FALSE	0	0	0	1	3	3	0	0	0	0	0
https://github.com/realeve/ncov_report			realeve/ncov_report	realeve	User		2020-01-24	TypeScript	apache-2.0	FALSE	TRUE	TRUE	FALSE	TRUE	FALSE	FALSE	0	0	0	1	1	1	0	0	0	0	0
https://github.com/hubert03/2019-nCoV	æ­¦æ±‰è‚ºç‚ æ–°å‹å† çŠ¶ç—…æ¯’ 2019-ncov å…¨å›½ç¡®è¯Šã€ç–‘ä¼¼ã€æ­»äº¡æ•°æ®æ±‡æ€»ï¼Œä¸å®šæ—¶æ›´æ–°ã€‚		hubert03/2019-nCoV	hubert03	User		2020-01-22			FALSE	TRUE	TRUE	FALSE	TRUE	FALSE	FALSE	0	0	0	1	5	5	0	0	0	0	0
https://github.com/ncov-2019/ncov-2019.cn	ncov-2019.cn		ncov-2019/ncov-2019.cn	ncov-2019	Organization		2020-01-24			TRUE	TRUE	TRUE	FALSE	TRUE	FALSE	FALSE	0	0	0	1	2	2	0	0	0	0	0
https://github.com/PinkHello/Kill-2019-nCoV	kill  2019-ncov(2019æ–°å‹å† çŠ¶ç—…æ¯’)		PinkHello/Kill-2019-nCoV	PinkHello	User		2020-01-22			FALSE	TRUE	TRUE	FALSE	TRUE	FALSE	FALSE	0	0	0	1	1	1	0	0	0	0	0
https://github.com/qingzma/coronavirusMonitor			qingzma/coronavirusMonitor	qingzma	User		2020-01-23	Python		FALSE	TRUE	TRUE	FALSE	TRUE	FALSE	FALSE	0	0	0	1	2	2	0	0	0	0	0
https://github.com/GavinLee-gn/2019_nCov	ncov-2019æœ€æ–°ç–«æƒ…å‘é€è‡³ä¼ä¸šå¾®ä¿¡(æ•°æ®æºï¼šä¸é¦™åŒ»ç”Ÿ)		GavinLee-gn/2019_nCov	GavinLee-gn	User		2020-01-25	Python		FALSE	TRUE	TRUE	FALSE	TRUE	FALSE	FALSE	0	0	0	1	10	10	0	0	0	0	0
https://github.com/2020-nCoV/Frontend	å‰ç«¯å’Œå¯è§†åŒ–ç¨‹åº		2020-nCoV/Frontend	2020-nCoV	Organization	""	2020-01-25			FALSE	FALSE	TRUE	FALSE	TRUE	FALSE	FALSE	0	0	0	0	0	0	0	0	0	0	0
https://github.com/2020-nCoV/Backend	åç«¯æœåŠ¡å™¨å’Œæ•°æ®åº“		2020-nCoV/Backend	2020-nCoV	Organization	""	2020-01-25			FALSE	FALSE	TRUE	FALSE	TRUE	FALSE	FALSE	0	0	0	0	0	0	0	0	0	0	0
https://github.com/mshyun/coronavirus	coronavirus news		mshyun/coronavirus	mshyun	User		2020-01-28			FALSE	FALSE	TRUE	FALSE	TRUE	FALSE	FALSE	0	0	0	0	0	0	0	0	0	0	0
https://github.com/heyuncoder/wuhan-ncov-mobile			heyuncoder/wuhan-ncov-mobile	heyuncoder	User		2020-01-26			FALSE	FALSE	TRUE	FALSE	TRUE	FALSE	FALSE	0	0	0	0	0	0	0	0	0	0	0
https://github.com/ykl124/Shanghai2020	a log for coronavirus circumstances in shanghai.		ykl124/Shanghai2020	ykl124	User		2020-01-25			FALSE	FALSE	TRUE	FALSE	TRUE	FALSE	FALSE	0	0	0	0	0	0	0	0	0	0	0
https://github.com/yuwei1985/2020WuhanCoronavirus	the information of needed medical products		yuwei1985/2020WuhanCoronavirus	yuwei1985	User		2020-01-25			FALSE	FALSE	TRUE	FALSE	TRUE	FALSE	FALSE	0	0	0	0	0	0	0	0	0	0	0
https://github.com/Urbancova/E-commerce-projectB			Urbancova/E-commerce-projectB	Urbancova	User		2020-01-24			FALSE	FALSE	TRUE	FALSE	TRUE	FALSE	FALSE	0	0	0	0	0	0	0	0	0	0	0
https://github.com/GayHub1/a2019_ncov			GayHub1/a2019_ncov	GayHub1	User		2020-01-27			FALSE	FALSE	TRUE	FALSE	TRUE	FALSE	FALSE	0	0	0	0	0	0	0	0	0	0	0
https://github.com/lancovier/lancovier			lancovier/lancovier	lancovier	User		2020-01-27			FALSE	FALSE	TRUE	FALSE	TRUE	FALSE	FALSE	0	0	0	0	0	0	0	0	0	0	0
https://github.com/dongjing-chen/nCoV	ncov-2919		dongjing-chen/nCoV	dongjing-chen	User		2020-01-26			FALSE	FALSE	TRUE	FALSE	TRUE	FALSE	FALSE	0	0	0	0	0	0	0	0	0	0	0
https://github.com/joshualeung/wuhan-coronavirus			joshualeung/wuhan-coronavirus	joshualeung	User		2020-01-23			FALSE	FALSE	TRUE	FALSE	TRUE	FALSE	FALSE	0	0	0	0	0	0	0	0	0	0	0
https://github.com/kislball/corona	aka 2019-ncov		kislball/corona	kislball	User		2020-01-27			FALSE	FALSE	TRUE	FALSE	TRUE	FALSE	FALSE	0	0	0	0	0	0	0	0	0	0	0
https://github.com/juliuswuwu/Coronavirus-data-visalization-project			juliuswuwu/Coronavirus-data-visalization-project	juliuswuwu	User		2020-01-28	HTML		FALSE	TRUE	TRUE	FALSE	TRUE	FALSE	FALSE	0	0	0	0	0	0	0	0	0	0	0
https://github.com/zwyca/nCoV			zwyca/nCoV	zwyca	User		2020-01-21			FALSE	FALSE	TRUE	FALSE	TRUE	FALSE	FALSE	0	0	0	0	0	0	0	0	0	0	0
https://github.com/zhulin96/Map_for_2019-nCoV			zhulin96/Map_for_2019-nCoV	zhulin96	User		2020-01-24			FALSE	FALSE	TRUE	FALSE	TRUE	FALSE	FALSE	0	0	0	0	0	0	0	0	0	0	0
https://github.com/kmencova/Netskope-Training-KM			kmencova/Netskope-Training-KM	kmencova	User		2020-01-27			FALSE	FALSE	TRUE	FALSE	TRUE	FALSE	FALSE	0	0	0	0	0	0	0	0	0	0	0
https://github.com/Amegafrog/outbreak	corona virus mapping		Amegafrog/outbreak	Amegafrog	User		2020-01-27			FALSE	FALSE	TRUE	FALSE	TRUE	FALSE	FALSE	0	0	0	0	0	0	0	0	0	0	0
https://github.com/musistudio/2019-nCov	æ–°å‹å† çŠ¶ç—…æ¯’ç¡®è¯Šäººæ•°åˆ†å¸ƒçƒ­åŠ›å›¾		musistudio/2019-nCov	musistudio	User		2020-01-27			FALSE	FALSE	TRUE	FALSE	TRUE	FALSE	FALSE	0	0	0	0	0	0	0	0	0	0	0
https://github.com/chairmanred69/novelcoronavirus			chairmanred69/novelcoronavirus	chairmanred69	User		2020-01-26			FALSE	FALSE	TRUE	FALSE	TRUE	FALSE	FALSE	0	0	0	0	0	0	0	0	0	0	0
https://github.com/2020-nCoV/Docs	 ç›®å‰æœé›†åˆ°çš„å…³äºæ­¦æ±‰è‚ºç‚çš„ä¿¡æ¯èµ„æº		2020-nCoV/Docs	2020-nCoV	Organization	""	2020-01-25			FALSE	FALSE	TRUE	FALSE	TRUE	FALSE	FALSE	0	0	0	0	0	0	0	0	0	0	0
https://github.com/lyy1/nCoV2019Reference			lyy1/nCoV2019Reference	lyy1	User		2020-01-24			FALSE	FALSE	TRUE	FALSE	TRUE	FALSE	FALSE	0	0	0	0	0	0	0	0	0	0	0
